-- MySQL dump 10.13  Distrib 8.0.19, for Linux (x86_64)
--
-- Host: localhost    Database: kinopoisk_final
-- ------------------------------------------------------
-- Server version	8.0.19

/*!40101 SET @OLD_CHARACTER_SET_CLIENT=@@CHARACTER_SET_CLIENT */;
/*!40101 SET @OLD_CHARACTER_SET_RESULTS=@@CHARACTER_SET_RESULTS */;
/*!40101 SET @OLD_COLLATION_CONNECTION=@@COLLATION_CONNECTION */;
/*!50503 SET NAMES utf8mb4 */;
/*!40103 SET @OLD_TIME_ZONE=@@TIME_ZONE */;
/*!40103 SET TIME_ZONE='+00:00' */;
/*!40014 SET @OLD_UNIQUE_CHECKS=@@UNIQUE_CHECKS, UNIQUE_CHECKS=0 */;
/*!40014 SET @OLD_FOREIGN_KEY_CHECKS=@@FOREIGN_KEY_CHECKS, FOREIGN_KEY_CHECKS=0 */;
/*!40101 SET @OLD_SQL_MODE=@@SQL_MODE, SQL_MODE='NO_AUTO_VALUE_ON_ZERO' */;
/*!40111 SET @OLD_SQL_NOTES=@@SQL_NOTES, SQL_NOTES=0 */;

--
-- Table structure for table `age_restriction`
--

DROP TABLE IF EXISTS `age_restriction`;
/*!40101 SET @saved_cs_client     = @@character_set_client */;
/*!50503 SET character_set_client = utf8mb4 */;
CREATE TABLE `age_restriction` (
  `id` int unsigned NOT NULL AUTO_INCREMENT,
  `name` varchar(3) CHARACTER SET utf8 COLLATE utf8_unicode_ci NOT NULL,
  PRIMARY KEY (`id`),
  UNIQUE KEY `name` (`name`)
) ENGINE=InnoDB AUTO_INCREMENT=6 DEFAULT CHARSET=utf8 COLLATE=utf8_unicode_ci COMMENT='возрастной рейтинг фильма';
/*!40101 SET character_set_client = @saved_cs_client */;

--
-- Dumping data for table `age_restriction`
--

LOCK TABLES `age_restriction` WRITE;
/*!40000 ALTER TABLE `age_restriction` DISABLE KEYS */;
INSERT INTO `age_restriction` VALUES (1,'0+'),(3,'12+'),(4,'16+'),(5,'18+'),(2,'6+');
/*!40000 ALTER TABLE `age_restriction` ENABLE KEYS */;
UNLOCK TABLES;

--
-- Table structure for table `awards`
--

DROP TABLE IF EXISTS `awards`;
/*!40101 SET @saved_cs_client     = @@character_set_client */;
/*!50503 SET character_set_client = utf8mb4 */;
CREATE TABLE `awards` (
  `id` int unsigned NOT NULL AUTO_INCREMENT,
  `name` varchar(100) CHARACTER SET utf8 COLLATE utf8_unicode_ci NOT NULL,
  PRIMARY KEY (`id`),
  UNIQUE KEY `name` (`name`)
) ENGINE=InnoDB AUTO_INCREMENT=4 DEFAULT CHARSET=utf8 COLLATE=utf8_unicode_ci COMMENT='название награды';
/*!40101 SET character_set_client = @saved_cs_client */;

--
-- Dumping data for table `awards`
--

LOCK TABLES `awards` WRITE;
/*!40000 ALTER TABLE `awards` DISABLE KEYS */;
INSERT INTO `awards` VALUES (1,'golden globe'),(2,'oscar'),(3,'palme d\'or');
/*!40000 ALTER TABLE `awards` ENABLE KEYS */;
UNLOCK TABLES;

--
-- Temporary view structure for view `awards_nominations`
--

DROP TABLE IF EXISTS `awards_nominations`;
/*!50001 DROP VIEW IF EXISTS `awards_nominations`*/;
SET @saved_cs_client     = @@character_set_client;
/*!50503 SET character_set_client = utf8mb4 */;
/*!50001 CREATE VIEW `awards_nominations` AS SELECT 
 1 AS `awards`,
 1 AS `nominations`,
 1 AS `year`*/;
SET character_set_client = @saved_cs_client;

--
-- Table structure for table `countries`
--

DROP TABLE IF EXISTS `countries`;
/*!40101 SET @saved_cs_client     = @@character_set_client */;
/*!50503 SET character_set_client = utf8mb4 */;
CREATE TABLE `countries` (
  `id` int unsigned NOT NULL AUTO_INCREMENT,
  `name` varchar(255) CHARACTER SET utf8 COLLATE utf8_unicode_ci NOT NULL,
  PRIMARY KEY (`id`),
  UNIQUE KEY `name` (`name`)
) ENGINE=InnoDB AUTO_INCREMENT=194 DEFAULT CHARSET=utf8 COLLATE=utf8_unicode_ci COMMENT='страны';
/*!40101 SET character_set_client = @saved_cs_client */;

--
-- Dumping data for table `countries`
--

LOCK TABLES `countries` WRITE;
/*!40000 ALTER TABLE `countries` DISABLE KEYS */;
INSERT INTO `countries` VALUES (56,'Albania'),(170,'Algeria'),(104,'American Samoa'),(62,'Andorra'),(51,'Angola'),(71,'Anguilla'),(25,'Antarctica (the territory South of 60 deg S)'),(34,'Antigua and Barbuda'),(52,'Argentina'),(82,'Armenia'),(183,'Aruba'),(166,'Australia'),(70,'Austria'),(138,'Azerbaijan'),(131,'Bahamas'),(127,'Bahrain'),(142,'Barbados'),(109,'Belarus'),(92,'Belgium'),(182,'Belize'),(177,'Benin'),(97,'Bermuda'),(35,'Bhutan'),(20,'Bolivia'),(21,'Bosnia and Herzegovina'),(132,'Botswana'),(10,'Bouvet Island (Bouvetoya)'),(4,'British Indian Ocean Territory (Chagos Archipelago)'),(27,'Brunei Darussalam'),(81,'Bulgaria'),(85,'Burkina Faso'),(1,'Burundi'),(168,'Cameroon'),(128,'Canada'),(40,'Cape Verde'),(87,'Central African Republic'),(112,'Chad'),(86,'Chile'),(152,'China'),(74,'Christmas Island'),(39,'Colombia'),(50,'Cook Islands'),(191,'Costa Rica'),(66,'Cuba'),(107,'Cyprus'),(38,'Czech Republic'),(160,'Denmark'),(159,'Dominican Republic'),(188,'Ecuador'),(175,'El Salvador'),(46,'Equatorial Guinea'),(54,'Eritrea'),(123,'Estonia'),(89,'Ethiopia'),(9,'Falkland Islands (Malvinas)'),(117,'Faroe Islands'),(99,'Fiji'),(83,'France'),(98,'French Guiana'),(153,'French Southern Territories'),(181,'Georgia'),(156,'Germany'),(157,'Ghana'),(3,'Gibraltar'),(172,'Greece'),(67,'Grenada'),(78,'Guam'),(30,'Guatemala'),(22,'Guernsey'),(17,'Guinea'),(136,'Guinea-Bissau'),(47,'Guyana'),(11,'Haiti'),(31,'Heard Island and McDonald Islands'),(32,'Honduras'),(41,'Hong Kong'),(113,'Hungary'),(167,'Iceland'),(116,'India'),(79,'Indonesia'),(57,'Iran'),(189,'Iraq'),(154,'Ireland'),(102,'Israel'),(174,'Italy'),(119,'Jamaica'),(65,'Japan'),(144,'Jersey'),(178,'Jordan'),(93,'Kenya'),(24,'Kiribati'),(90,'Korea'),(75,'Kuwait'),(161,'Kyrgyz Republic'),(23,'Lao People\'s Democratic Republic'),(18,'Latvia'),(33,'Lesotho'),(73,'Liberia'),(45,'Libyan Arab Jamahiriya'),(72,'Lithuania'),(139,'Luxembourg'),(121,'Macao'),(15,'Macedonia'),(101,'Madagascar'),(94,'Malawi'),(155,'Malaysia'),(48,'Maldives'),(5,'Malta'),(58,'Marshall Islands'),(115,'Martinique'),(137,'Mauritania'),(108,'Mauritius'),(180,'Mexico'),(145,'Moldova'),(28,'Monaco'),(88,'Mongolia'),(68,'Montenegro'),(8,'Montserrat'),(184,'Myanmar'),(163,'Namibia'),(130,'Nauru'),(91,'Nepal'),(49,'Netherlands'),(80,'Netherlands Antilles'),(169,'New Caledonia'),(12,'New Zealand'),(14,'Nicaragua'),(125,'Niger'),(59,'Nigeria'),(106,'Niue'),(110,'Norfolk Island'),(55,'Northern Mariana Islands'),(187,'Norway'),(122,'Oman'),(29,'Pakistan'),(95,'Palau'),(44,'Palestinian Territory'),(143,'Panama'),(190,'Paraguay'),(126,'Peru'),(111,'Philippines'),(124,'Pitcairn Islands'),(179,'Portugal'),(133,'Romania'),(141,'Russian Federation'),(61,'Rwanda'),(165,'Saint Barthelemy'),(192,'Saint Helena'),(129,'Saint Lucia'),(96,'Saint Martin'),(120,'Saint Pierre and Miquelon'),(158,'Saint Vincent and the Grenadines'),(193,'Sao Tome and Principe'),(162,'Saudi Arabia'),(173,'Senegal'),(84,'Serbia'),(60,'Seychelles'),(147,'Sierra Leone'),(42,'Singapore'),(151,'Solomon Islands'),(176,'Somalia'),(53,'South Africa'),(76,'Spain'),(2,'Sudan'),(100,'Suriname'),(134,'Svalbard & Jan Mayen Islands'),(186,'Swaziland'),(69,'Sweden'),(171,'Switzerland'),(13,'Syrian Arab Republic'),(16,'Taiwan'),(36,'Tajikistan'),(140,'Tanzania'),(63,'Thailand'),(135,'Timor-Leste'),(148,'Togo'),(118,'Tokelau'),(146,'Tunisia'),(150,'Turkmenistan'),(19,'Turks and Caicos Islands'),(105,'Uganda'),(6,'Ukraine'),(43,'United Kingdom'),(7,'United States Minor Outlying Islands'),(149,'United States of America'),(114,'United States Virgin Islands'),(77,'Uruguay'),(103,'Uzbekistan'),(164,'Vanuatu'),(185,'Vietnam'),(64,'Wallis and Futuna'),(37,'Zambia'),(26,'Zimbabwe');
/*!40000 ALTER TABLE `countries` ENABLE KEYS */;
UNLOCK TABLES;

--
-- Table structure for table `film_makers`
--

DROP TABLE IF EXISTS `film_makers`;
/*!40101 SET @saved_cs_client     = @@character_set_client */;
/*!50503 SET character_set_client = utf8mb4 */;
CREATE TABLE `film_makers` (
  `id` int unsigned NOT NULL AUTO_INCREMENT,
  `firstname` varchar(255) NOT NULL,
  `lastname` varchar(255) DEFAULT NULL,
  `gender_id` int unsigned DEFAULT NULL,
  `photo_id` int unsigned DEFAULT NULL,
  `birthday` date DEFAULT NULL,
  `created_at` datetime DEFAULT CURRENT_TIMESTAMP,
  `updated_at` datetime DEFAULT CURRENT_TIMESTAMP ON UPDATE CURRENT_TIMESTAMP,
  PRIMARY KEY (`id`),
  UNIQUE KEY `id` (`id`),
  KEY `film_makers_gender_id_fk` (`gender_id`),
  KEY `film_makers_photo_id_fk` (`photo_id`),
  CONSTRAINT `film_makers_gender_id_fk` FOREIGN KEY (`gender_id`) REFERENCES `gender` (`id`) ON DELETE CASCADE,
  CONSTRAINT `film_makers_photo_id_fk` FOREIGN KEY (`photo_id`) REFERENCES `media` (`id`) ON DELETE SET NULL
) ENGINE=InnoDB AUTO_INCREMENT=202 DEFAULT CHARSET=utf8mb4 COLLATE=utf8mb4_0900_ai_ci COMMENT='создатели фильмов (режиссеры, сценаристы, актеры и т.д.';
/*!40101 SET character_set_client = @saved_cs_client */;

--
-- Dumping data for table `film_makers`
--

LOCK TABLES `film_makers` WRITE;
/*!40000 ALTER TABLE `film_makers` DISABLE KEYS */;
INSERT INTO `film_makers` VALUES (1,'Simone','Strosin',1,133,'2015-11-07','2014-02-22 14:51:14','2020-04-29 12:56:16'),(2,'Dagmar','Parisian',1,105,'2015-01-21','2015-08-27 16:29:25','2020-04-29 12:56:16'),(3,'Janelle','Heller',1,69,'1983-03-25','2018-03-24 07:19:00','2020-04-29 12:56:16'),(4,'Lindsay','Kemmer',2,23,'1985-01-21','2010-06-28 22:35:22','2020-04-29 12:56:16'),(5,'Haleigh','VonRueden',1,165,'1989-11-01','2013-11-16 03:52:20','2020-04-29 12:56:16'),(6,'Isidro','Kessler',1,51,'2003-05-18','2015-04-29 13:51:18','2020-04-29 12:56:16'),(7,'Kenyon','Thiel',1,53,'1988-07-14','2013-12-01 23:20:29','2020-04-29 12:56:16'),(8,'Elizabeth','Walsh',2,39,'1972-02-24','2012-03-18 07:26:42','2020-04-29 12:56:16'),(9,'Karl','Wintheiser',2,91,'1999-10-22','2012-04-02 07:22:16','2020-04-29 12:56:16'),(10,'Joe','Jenkins',2,195,'1981-10-26','2014-09-21 04:22:36','2020-04-29 12:56:16'),(11,'Odessa','Rath',1,53,'2013-08-28','2012-11-13 13:24:15','2020-04-29 12:56:16'),(12,'Harmony','Smitham',2,105,'1994-04-26','2013-03-01 02:36:14','2020-04-29 12:56:16'),(13,'Michel','Green',1,195,'1977-08-07','2017-11-10 07:37:07','2020-04-29 12:56:16'),(14,'Dena','Thiel',1,35,'2015-07-16','2010-12-05 18:34:55','2020-04-29 12:56:16'),(15,'Dale','Schumm',1,149,'1984-04-22','2014-10-19 08:10:01','2020-04-29 12:56:16'),(16,'Kamron','Labadie',2,171,'2009-10-19','2016-05-20 06:01:25','2020-04-29 12:56:16'),(17,'Myles','Jaskolski',1,33,'1981-01-21','2019-01-31 22:21:50','2020-04-29 12:56:16'),(18,'Jacinthe','Kozey',2,139,'1975-09-30','2011-04-20 19:58:49','2020-04-29 12:56:16'),(19,'Malcolm','Murphy',2,37,'1972-04-06','2012-10-13 07:33:46','2020-04-29 12:56:16'),(20,'Triston','Gottlieb',2,43,'1986-01-25','2014-03-31 04:43:06','2020-04-29 12:56:16'),(21,'Elvie','Denesik',2,45,'2010-04-27','2018-02-18 12:41:55','2020-04-29 12:56:16'),(22,'Brittany','Bergnaum',1,111,'1995-06-03','2013-02-12 04:49:07','2020-04-29 12:56:16'),(23,'Chadrick','Jaskolski',1,51,'1980-03-31','2013-11-02 23:24:59','2020-04-29 12:56:16'),(24,'Krystel','Hammes',2,107,'1996-06-29','2020-01-19 03:40:25','2020-04-29 12:56:16'),(25,'Rodrigo','Berge',2,199,'2003-04-12','2013-03-20 00:03:09','2020-04-29 12:56:16'),(26,'Roel','Murphy',1,123,'1989-02-15','2016-01-19 00:52:59','2020-04-29 12:56:16'),(27,'Audrey','Feeney',1,13,'1978-08-10','2018-03-23 01:32:33','2020-04-29 12:56:16'),(28,'Leda','Little',2,9,'1997-11-30','2015-03-11 03:59:03','2020-04-29 12:56:16'),(29,'Elsa','Koch',1,51,'1982-07-24','2011-05-02 05:46:31','2020-04-29 12:56:16'),(30,'Quentin','Gleichner',2,139,'2019-07-17','2019-04-16 06:34:18','2020-04-29 12:56:16'),(31,'Angelica','Sauer',2,153,'2017-09-12','2012-07-18 23:12:04','2020-04-29 12:56:16'),(32,'Madisen','Walker',2,175,'1982-05-16','2012-12-30 17:42:24','2020-04-29 12:56:16'),(33,'Marian','Barrows',2,13,'1980-04-15','2014-02-12 11:00:46','2020-04-29 12:56:16'),(34,'Hillary','Schoen',1,159,'2013-06-07','2012-12-29 23:43:43','2020-04-29 12:56:16'),(35,'Brenden','Hilll',2,29,'1990-05-03','2017-09-30 06:41:56','2020-04-29 12:56:16'),(36,'Orie','Dickens',1,173,'1978-04-20','2014-02-11 02:22:53','2020-04-29 12:56:16'),(37,'Federico','Quigley',2,167,'2006-08-15','2013-09-04 06:01:28','2020-04-29 12:56:16'),(38,'Abelardo','Glover',1,5,'1973-02-24','2015-10-20 09:49:36','2020-04-29 12:56:16'),(39,'Jasen','Abshire',1,99,'1972-09-20','2018-07-22 04:24:09','2020-04-29 12:56:16'),(40,'Dana','Bayer',2,161,'2000-06-23','2013-11-29 08:32:14','2020-04-29 12:56:16'),(41,'Anastacio','Carter',1,47,'2015-10-21','2018-06-25 10:32:55','2020-04-29 12:56:16'),(42,'Reta','Block',2,163,'1998-02-09','2017-01-11 07:56:21','2020-04-29 12:56:16'),(43,'Evert','Dietrich',1,135,'2012-07-11','2012-04-25 07:11:03','2020-04-29 12:56:16'),(44,'Elijah','Eichmann',1,149,'1998-07-14','2013-10-25 06:48:10','2020-04-29 12:56:16'),(45,'Linwood','Howell',2,7,'1996-04-18','2013-05-26 00:42:08','2020-04-29 12:56:16'),(46,'Burnice','White',2,13,'1975-06-04','2019-10-18 16:27:16','2020-04-29 12:56:16'),(47,'Jazmyne','Runolfsdottir',2,23,'1973-04-02','2012-10-27 20:22:47','2020-04-29 12:56:16'),(48,'Jerrod','Becker',2,181,'1983-11-26','2019-09-26 08:48:50','2020-04-29 12:56:16'),(49,'Adolf','Romaguera',1,33,'1994-06-21','2019-11-01 18:46:59','2020-04-29 12:56:16'),(50,'Stacey','Weimann',2,153,'2020-01-30','2015-03-31 14:32:42','2020-04-29 12:56:16'),(51,'Eunice','Herman',2,189,'1994-12-02','2013-01-19 13:04:15','2020-04-29 12:56:16'),(52,'Lucas','Steuber',2,19,'1995-07-04','2017-12-20 17:26:58','2020-04-29 12:56:16'),(53,'Sabryna','Kirlin',2,103,'2003-04-06','2018-02-09 03:49:16','2020-04-29 12:56:16'),(54,'Anika','Keebler',2,187,'2006-03-11','2013-11-02 00:01:39','2020-04-29 12:56:16'),(55,'Cordie','Cole',1,41,'2018-12-29','2018-03-26 00:18:48','2020-04-29 12:56:16'),(56,'Armando','Crooks',1,69,'1981-05-21','2017-04-08 08:53:01','2020-04-29 12:56:16'),(57,'Rickey','Bahringer',2,111,'1971-01-05','2018-12-06 07:43:30','2020-04-29 12:56:16'),(58,'Boris','Heathcote',2,47,'2005-05-15','2016-01-12 00:14:00','2020-04-29 12:56:16'),(59,'Rowan','Rowe',1,181,'1973-10-08','2013-10-08 11:37:37','2020-04-29 12:56:16'),(60,'Junior','Ratke',1,15,'1994-11-13','2018-08-17 05:33:34','2020-04-29 12:56:16'),(61,'Meghan','Kessler',1,25,'2003-03-24','2011-04-30 14:47:43','2020-04-29 12:56:16'),(62,'Casper','Gaylord',1,179,'2009-03-31','2019-09-30 02:40:43','2020-04-29 12:56:16'),(63,'Marcella','Heaney',1,135,'2006-04-20','2011-03-04 05:40:53','2020-04-29 12:56:16'),(64,'Ward','Kuvalis',1,87,'1974-01-22','2011-08-21 13:25:57','2020-04-29 12:56:16'),(65,'Joannie','Cassin',2,19,'2002-07-26','2011-01-30 18:45:10','2020-04-29 12:56:16'),(66,'Clay','Schuster',2,157,'1998-08-18','2016-09-13 04:43:07','2020-04-29 12:56:16'),(67,'Roy','Mosciski',2,169,'2010-02-15','2012-02-05 06:49:57','2020-04-29 12:56:16'),(68,'Johnnie','Borer',2,13,'1999-04-02','2011-08-03 21:06:01','2020-04-29 12:56:16'),(69,'Estell','Wolf',2,187,'1976-02-17','2015-04-16 09:50:13','2020-04-29 12:56:16'),(70,'Bonita','Schimmel',2,75,'1996-08-21','2012-12-05 17:05:29','2020-04-29 12:56:16'),(71,'Reinhold','Armstrong',1,99,'1988-06-24','2011-02-18 00:46:40','2020-04-29 12:56:16'),(72,'Thelma','Bogan',2,73,'1990-07-25','2011-01-22 17:03:18','2020-04-29 12:56:16'),(73,'Nikki','Mosciski',1,183,'1973-11-07','2017-04-03 12:32:45','2020-04-29 12:56:16'),(74,'Lauriane','Hegmann',1,45,'1973-01-13','2019-11-01 11:57:04','2020-04-29 12:56:16'),(75,'Marcelle','Jacobi',2,15,'2006-04-12','2019-11-17 12:02:58','2020-04-29 12:56:16'),(76,'Trystan','Barrows',1,111,'2009-04-28','2014-06-18 03:42:12','2020-04-29 12:56:16'),(77,'Summer','Heathcote',1,5,'1979-08-08','2017-05-03 18:21:09','2020-04-29 12:56:16'),(78,'Macey','Blanda',1,127,'1988-09-03','2018-11-16 21:54:43','2020-04-29 12:56:16'),(79,'Carmella','Ruecker',1,53,'1979-03-15','2010-07-23 07:12:10','2020-04-29 12:56:16'),(80,'Felicita','Mante',1,95,'1992-02-11','2019-10-16 10:00:59','2020-04-29 12:56:16'),(81,'Bernice','Becker',2,119,'1988-07-03','2016-04-03 06:45:16','2020-04-29 12:56:16'),(82,'Kaycee','White',2,67,'2008-09-30','2016-04-16 08:36:01','2020-04-29 12:56:16'),(83,'Brad','Bahringer',1,183,'1995-07-12','2013-06-08 22:23:10','2020-04-29 12:56:16'),(84,'Beatrice','Parker',1,53,'1993-06-16','2016-10-28 01:14:30','2020-04-29 12:56:16'),(85,'Novella','Konopelski',2,149,'1972-09-01','2010-07-26 15:06:02','2020-04-29 12:56:16'),(86,'Gertrude','Heaney',2,61,'2004-01-04','2020-04-06 02:47:32','2020-04-29 12:56:16'),(87,'Jason','Reilly',2,185,'1984-09-25','2015-02-01 21:01:47','2020-04-29 12:56:16'),(88,'Rebeka','Bruen',1,185,'1980-06-13','2017-12-27 17:48:46','2020-04-29 12:56:16'),(89,'Yasmin','Marvin',2,139,'2008-12-20','2012-03-19 05:33:19','2020-04-29 12:56:16'),(90,'Arvilla','Braun',1,105,'1989-10-19','2012-09-26 20:52:57','2020-04-29 12:56:16'),(91,'Chance','Bayer',2,143,'1970-06-19','2013-02-14 12:30:38','2020-04-29 12:56:16'),(92,'Delaney','Stiedemann',1,179,'2006-07-31','2015-11-09 19:58:31','2020-04-29 12:56:16'),(93,'Everette','Farrell',1,115,'2018-02-24','2012-02-04 10:13:47','2020-04-29 12:56:16'),(94,'Sven','Crooks',2,97,'1970-08-23','2018-01-07 02:10:25','2020-04-29 12:56:16'),(95,'Cindy','Corwin',1,193,'1982-05-13','2010-06-09 14:11:24','2020-04-29 12:56:16'),(96,'Lucius','Dare',1,179,'1976-10-31','2019-06-09 10:54:21','2020-04-29 12:56:16'),(97,'Abner','Gottlieb',2,35,'2005-08-08','2015-01-10 03:05:13','2020-04-29 12:56:16'),(98,'Breana','Williamson',2,11,'1971-12-15','2014-07-12 19:34:20','2020-04-29 12:56:16'),(99,'Dakota','Sawayn',1,127,'1988-04-18','2014-06-20 02:21:07','2020-04-29 12:56:16'),(100,'Dannie','Greenholt',1,79,'2000-12-08','2015-10-07 06:17:35','2020-04-29 12:56:16'),(101,'Emilie','Sanford',1,161,'1973-07-09','2012-09-05 10:58:22','2020-04-29 12:56:16'),(102,'Evans','Halvorson',2,27,'1993-03-25','2012-03-04 08:00:34','2020-04-29 12:56:16'),(103,'Bulah','Senger',2,57,'1999-02-07','2015-12-31 22:08:03','2020-04-29 12:56:16'),(104,'Soledad','Towne',2,125,'1989-12-05','2011-08-29 01:01:50','2020-04-29 12:56:16'),(105,'Jeanie','O\'Conner',1,73,'1984-05-10','2014-09-23 11:03:08','2020-04-29 12:56:16'),(106,'Jarrell','Effertz',2,189,'1986-06-28','2020-02-15 11:50:09','2020-04-29 12:56:16'),(107,'Jennie','Kiehn',2,21,'2011-04-14','2015-12-26 21:06:17','2020-04-29 12:56:16'),(108,'Troy','West',1,5,'1994-09-27','2015-12-16 22:01:16','2020-04-29 12:56:16'),(109,'Arianna','Yundt',1,139,'1983-10-23','2015-01-01 18:20:40','2020-04-29 12:56:16'),(110,'Avis','Grant',2,97,'2014-12-25','2013-11-29 10:00:15','2020-04-29 12:56:16'),(111,'Valerie','Walsh',1,77,'2013-02-16','2016-05-11 03:00:51','2020-04-29 12:56:16'),(112,'Maye','Bogisich',1,173,'1990-12-21','2014-03-12 19:31:41','2020-04-29 12:56:16'),(113,'Mertie','Mayer',2,57,'1973-06-08','2015-02-23 22:47:31','2020-04-29 12:56:16'),(114,'Caleb','Jenkins',2,69,'1973-06-13','2018-12-11 23:48:32','2020-04-29 12:56:16'),(115,'Arlo','Armstrong',1,173,'2008-01-18','2011-04-26 12:10:24','2020-04-29 12:56:16'),(116,'Jazmyn','Kirlin',2,165,'2010-03-08','2018-02-09 14:11:25','2020-04-29 12:56:16'),(117,'Dariana','Quigley',1,159,'2014-11-27','2014-12-03 17:14:09','2020-04-29 12:56:16'),(118,'Fletcher','Kilback',1,93,'2013-03-24','2019-10-06 17:40:19','2020-04-29 12:56:16'),(119,'Fermin','Goldner',1,3,'1984-07-01','2015-03-11 09:23:48','2020-04-29 12:56:16'),(120,'Evalyn','Sanford',2,41,'2008-01-24','2017-05-23 02:59:36','2020-04-29 12:56:16'),(121,'Milo','Frami',1,49,'2014-01-04','2011-10-07 02:27:39','2020-04-29 12:56:16'),(122,'Opal','Daugherty',2,113,'1972-01-15','2014-11-13 02:05:35','2020-04-29 12:56:16'),(123,'Dominique','Gulgowski',2,183,'1970-09-09','2015-09-14 19:41:44','2020-04-29 12:56:16'),(124,'Eliseo','Bruen',1,147,'1984-05-07','2012-09-21 00:12:29','2020-04-29 12:56:16'),(125,'Troy','Heidenreich',1,27,'1983-02-04','2012-02-08 09:04:15','2020-04-29 12:56:16'),(126,'Ethyl','Langosh',2,33,'2017-11-08','2018-06-26 23:29:47','2020-04-29 12:56:16'),(127,'Claire','Moen',1,21,'1997-12-03','2018-03-12 21:20:03','2020-04-29 12:56:16'),(128,'Mckayla','Gulgowski',1,95,'2019-09-08','2013-07-25 05:05:17','2020-04-29 12:56:16'),(129,'Jordi','Stokes',2,109,'1975-05-27','2010-07-28 04:14:27','2020-04-29 12:56:16'),(130,'Mozell','Pfannerstill',1,129,'2001-08-12','2016-10-04 21:51:10','2020-04-29 12:56:16'),(131,'Lavon','Homenick',1,79,'1986-11-17','2018-10-06 05:35:05','2020-04-29 12:56:16'),(132,'Eve','Friesen',2,161,'2009-07-16','2017-05-25 17:30:17','2020-04-29 12:56:16'),(133,'Bettye','Rempel',2,169,'2016-09-21','2014-05-17 11:39:11','2020-04-29 12:56:16'),(134,'Jairo','Miller',2,57,'2011-10-09','2018-06-13 05:22:50','2020-04-29 12:56:16'),(135,'Hector','Cummings',2,157,'2017-05-07','2019-12-20 19:46:03','2020-04-29 12:56:16'),(136,'Wyatt','Ryan',1,169,'1981-05-05','2011-10-23 00:09:14','2020-04-29 12:56:16'),(137,'Alfonso','O\'Kon',2,101,'2012-06-05','2011-04-04 03:33:28','2020-04-29 12:56:16'),(138,'Mariano','Hilpert',2,17,'2008-07-15','2020-01-04 17:01:55','2020-04-29 12:56:16'),(139,'Marilou','Miller',2,29,'1977-10-09','2015-03-19 09:00:30','2020-04-29 12:56:16'),(140,'Sedrick','O\'Hara',1,133,'2015-07-16','2010-05-06 19:11:08','2020-04-29 12:56:16'),(141,'Johnny','Kuhic',2,187,'1979-05-06','2014-02-10 15:03:50','2020-04-29 12:56:16'),(142,'Cornelius','Stamm',1,15,'2005-12-26','2015-03-08 04:51:16','2020-04-29 12:56:16'),(143,'Keon','Denesik',2,3,'2000-10-31','2010-08-12 06:05:53','2020-04-29 12:56:16'),(144,'Jovanny','Legros',2,197,'2001-12-15','2013-07-08 12:29:30','2020-04-29 12:56:16'),(145,'Dorthy','Tremblay',2,93,'1976-01-18','2013-03-25 15:42:04','2020-04-29 12:56:16'),(146,'Bradford','Kub',2,137,'1999-10-20','2018-04-30 16:37:58','2020-04-29 12:56:16'),(147,'Kaitlin','O\'Keefe',1,87,'2012-12-04','2011-11-19 22:54:46','2020-04-29 12:56:16'),(148,'Carmelo','Koch',1,119,'2010-03-24','2014-10-07 11:07:06','2020-04-29 12:56:16'),(149,'Jovany','Bartell',1,87,'1983-10-12','2010-10-15 00:27:00','2020-04-29 12:56:16'),(150,'Rosario','Kovacek',2,33,'1995-07-28','2017-09-05 07:49:16','2020-04-29 12:56:16'),(151,'Lonie','Hegmann',1,59,'1992-02-21','2012-12-20 19:38:57','2020-04-29 12:56:16'),(152,'Elsa','Ledner',1,109,'1999-07-09','2020-01-21 05:58:39','2020-04-29 12:56:16'),(153,'Linda','Harvey',1,39,'1998-03-15','2015-04-12 02:28:17','2020-04-29 12:56:16'),(154,'Horacio','Weber',2,39,'1978-05-15','2012-11-16 22:52:03','2020-04-29 12:56:16'),(155,'Sydney','Kreiger',1,39,'2012-04-04','2012-08-28 02:03:43','2020-04-29 12:56:16'),(156,'Roberta','Sanford',2,55,'2014-01-31','2020-03-19 21:30:42','2020-04-29 12:56:16'),(157,'Haleigh','Lockman',2,199,'1981-09-06','2011-02-04 07:01:30','2020-04-29 12:56:16'),(158,'Makenna','Johns',1,141,'2011-10-19','2013-04-05 14:27:47','2020-04-29 12:56:16'),(159,'Shanel','Kohler',1,75,'1987-01-01','2019-11-02 17:36:47','2020-04-29 12:56:16'),(160,'Laurianne','Mraz',2,31,'1998-11-05','2014-05-30 09:20:43','2020-04-29 12:56:16'),(161,'Vidal','Abernathy',1,87,'1995-08-13','2014-03-01 12:14:47','2020-04-29 12:56:16'),(162,'Pietro','Connelly',1,41,'1985-11-22','2018-12-01 05:35:35','2020-04-29 12:56:16'),(163,'Kip','Walker',1,55,'2004-05-14','2014-03-31 11:59:04','2020-04-29 12:56:16'),(164,'Jeramie','Wyman',2,17,'2017-08-07','2019-09-25 08:55:57','2020-04-29 12:56:16'),(165,'Kristina','O\'Kon',1,17,'2001-02-24','2018-06-06 08:04:37','2020-04-29 12:56:16'),(166,'Phoebe','Schaefer',2,135,'1991-09-16','2016-01-22 21:14:35','2020-04-29 12:56:16'),(167,'Libbie','Quitzon',2,79,'1974-03-03','2019-05-31 22:29:08','2020-04-29 12:56:16'),(168,'London','Rodriguez',1,95,'1987-11-12','2015-05-09 05:03:38','2020-04-29 12:56:16'),(169,'Ezra','McDermott',1,197,'2012-11-01','2011-03-19 10:16:20','2020-04-29 12:56:16'),(170,'Desmond','Pfeffer',1,33,'1984-02-05','2014-01-11 03:41:47','2020-04-29 12:56:16'),(171,'Alaina','Davis',1,63,'2002-06-14','2013-02-03 09:43:06','2020-04-29 12:56:16'),(172,'Tyrese','O\'Kon',1,39,'1984-06-26','2012-01-19 12:12:00','2020-04-29 12:56:16'),(173,'Alexandrine','Daugherty',1,115,'2006-03-22','2015-12-02 08:59:29','2020-04-29 12:56:16'),(174,'Anjali','Collins',1,57,'1990-01-19','2016-07-15 10:03:38','2020-04-29 12:56:16'),(175,'Marietta','Satterfield',2,159,'1982-05-03','2011-04-05 11:18:14','2020-04-29 12:56:16'),(176,'Davonte','McClure',1,91,'1985-04-08','2017-03-15 22:29:54','2020-04-29 12:56:16'),(177,'Enos','Goyette',1,87,'1973-04-28','2012-11-29 12:08:06','2020-04-29 12:56:16'),(178,'Donny','Koss',1,61,'1998-04-14','2011-02-28 11:06:45','2020-04-29 12:56:16'),(179,'Rodger','Kirlin',2,167,'1981-07-15','2016-03-01 22:28:34','2020-04-29 12:56:16'),(180,'Rita','Hermann',1,185,'1992-04-26','2015-01-24 08:22:00','2020-04-29 12:56:16'),(181,'Corene','Jerde',2,151,'2008-10-15','2015-08-22 04:17:01','2020-04-29 12:56:16'),(182,'Savion','Romaguera',2,43,'1981-04-29','2011-02-15 01:28:31','2020-04-29 12:56:16'),(183,'Devonte','Erdman',1,79,'2011-12-03','2016-08-06 22:08:56','2020-04-29 12:56:16'),(184,'Olen','Jacobson',2,15,'1997-10-18','2010-12-31 18:30:39','2020-04-29 12:56:16'),(185,'Gennaro','Upton',2,75,'1974-06-06','2014-12-02 17:30:37','2020-04-29 12:56:16'),(186,'Janie','Braun',1,47,'2013-08-12','2011-12-03 09:39:49','2020-04-29 12:56:16'),(187,'Tina','Friesen',2,11,'2010-02-21','2019-06-24 10:46:17','2020-04-29 12:56:16'),(188,'Emily','Block',1,179,'1980-08-01','2015-02-11 05:06:06','2020-04-29 12:56:16'),(189,'Hilbert','McKenzie',2,15,'1991-12-18','2011-04-08 10:32:27','2020-04-29 12:56:16'),(190,'Eulah','Block',1,127,'1977-03-01','2015-02-19 14:05:15','2020-04-29 12:56:16'),(191,'Ross','Thiel',2,37,'1994-06-23','2018-05-22 10:24:27','2020-04-29 12:56:16'),(192,'Lou','Hudson',1,137,'2014-08-21','2017-09-12 23:48:01','2020-04-29 12:56:16'),(193,'Cleta','Ruecker',1,109,'2019-01-24','2019-07-31 11:03:58','2020-04-29 12:56:16'),(194,'Retta','Shanahan',1,75,'2005-01-18','2019-05-01 16:56:59','2020-04-29 12:56:16'),(195,'Jerrod','Kling',1,85,'1970-05-24','2017-08-30 23:05:27','2020-04-29 12:56:16'),(196,'Xzavier','Grimes',1,21,'2013-10-29','2018-06-10 15:38:37','2020-04-29 12:56:16'),(197,'Abraham','Durgan',2,171,'2014-09-03','2016-11-19 13:21:31','2020-04-29 12:56:16'),(198,'Thad','Littel',2,131,'2000-01-28','2014-02-04 10:59:59','2020-04-29 12:56:16'),(199,'Cortney','Beier',2,99,'2016-04-16','2013-07-02 23:20:33','2020-04-29 12:56:16'),(200,'Mossie','Hudson',1,21,'2014-05-11','2012-07-27 10:29:36','2020-04-29 12:56:16'),(201,'b','m',2,NULL,'2000-01-01','2020-05-01 14:01:24','2020-05-01 14:03:12');
/*!40000 ALTER TABLE `film_makers` ENABLE KEYS */;
UNLOCK TABLES;

--
-- Table structure for table `films`
--

DROP TABLE IF EXISTS `films`;
/*!40101 SET @saved_cs_client     = @@character_set_client */;
/*!50503 SET character_set_client = utf8mb4 */;
CREATE TABLE `films` (
  `id` int unsigned NOT NULL AUTO_INCREMENT,
  `name` varchar(100) CHARACTER SET utf8 COLLATE utf8_unicode_ci NOT NULL,
  `photo_id` int unsigned DEFAULT NULL,
  `year` year NOT NULL COMMENT 'год выпуска фильма',
  `release_date` date NOT NULL COMMENT 'дата выхода в прокат',
  `age_restr_id` int unsigned NOT NULL,
  `created_at` datetime DEFAULT CURRENT_TIMESTAMP,
  `updated_at` datetime DEFAULT CURRENT_TIMESTAMP ON UPDATE CURRENT_TIMESTAMP,
  PRIMARY KEY (`id`),
  KEY `films_photo_id_fk` (`photo_id`),
  KEY `films_age_restr_id_fk` (`age_restr_id`),
  KEY `films_release_date_idx` (`release_date`),
  CONSTRAINT `films_age_restr_id_fk` FOREIGN KEY (`age_restr_id`) REFERENCES `age_restriction` (`id`) ON DELETE CASCADE,
  CONSTRAINT `films_photo_id_fk` FOREIGN KEY (`photo_id`) REFERENCES `media` (`id`) ON DELETE SET NULL
) ENGINE=InnoDB AUTO_INCREMENT=102 DEFAULT CHARSET=utf8 COLLATE=utf8_unicode_ci COMMENT='фильмы';
/*!40101 SET character_set_client = @saved_cs_client */;

--
-- Dumping data for table `films`
--

LOCK TABLES `films` WRITE;
/*!40000 ALTER TABLE `films` DISABLE KEYS */;
INSERT INTO `films` VALUES (1,'saepe',95,1977,'1977-08-22',4,'2019-12-20 23:21:45','2020-04-28 16:57:02'),(2,'impedit',21,1979,'1979-05-21',5,'2014-01-14 23:31:28','2020-04-29 16:14:21'),(3,'repellat',85,1980,'1980-12-06',1,'2013-05-30 10:51:20','2020-04-28 16:57:02'),(4,'molestiae',165,1973,'1973-05-17',1,'2017-01-13 01:13:29','2020-04-28 16:57:02'),(5,'repellat',81,2013,'2013-02-08',5,'2014-11-30 20:25:06','2020-04-28 16:57:02'),(6,'nulla',75,2015,'2015-03-22',3,'2017-11-18 17:23:10','2020-04-28 16:57:02'),(7,'possimus',45,2015,'2015-04-02',5,'2017-11-26 17:03:38','2020-04-28 16:57:02'),(8,'qui',163,2002,'2002-04-18',5,'2015-08-28 09:11:22','2020-04-28 16:57:02'),(9,'voluptas',121,2003,'2003-07-17',2,'2014-09-03 07:34:57','2020-04-29 16:14:21'),(10,'maiores',119,1987,'1987-07-12',3,'2017-09-28 19:48:26','2020-04-29 16:14:21'),(11,'dolore',155,2005,'2005-12-03',3,'2010-07-24 04:08:55','2020-04-28 16:57:02'),(12,'sed',15,1980,'1980-02-29',3,'2016-01-02 16:22:47','2020-04-28 16:57:02'),(13,'provident',117,1997,'1997-10-30',4,'2018-04-06 04:52:48','2020-04-28 16:57:02'),(14,'consequatur',169,1980,'1980-02-22',1,'2017-09-22 00:10:15','2020-04-28 16:57:02'),(15,'ut',147,2015,'2015-02-02',5,'2015-12-15 15:40:25','2020-04-28 16:57:02'),(16,'officiis',21,1978,'1978-02-05',4,'2017-08-24 05:54:17','2020-04-28 16:57:02'),(17,'vero',63,2007,'2007-01-31',1,'2011-07-14 14:33:31','2020-04-29 16:14:21'),(18,'architecto',39,1980,'1980-11-24',2,'2012-05-24 18:49:49','2020-04-28 16:57:02'),(19,'suscipit',191,2015,'2015-01-26',2,'2010-11-20 15:20:29','2020-04-28 16:57:02'),(20,'ullam',87,1997,'1997-10-09',3,'2015-12-10 14:21:33','2020-04-28 16:57:02'),(21,'quibusdam',141,1990,'1990-08-07',2,'2015-08-15 20:43:09','2020-04-29 16:14:21'),(22,'voluptas',41,1995,'1995-09-05',3,'2014-06-23 21:11:11','2020-04-28 16:57:02'),(23,'earum',143,1975,'1975-12-08',3,'2014-07-14 17:05:09','2020-04-28 16:52:40'),(24,'sint',33,2010,'2010-01-15',1,'2018-08-02 18:26:24','2020-04-28 16:57:02'),(25,'omnis',9,1974,'1974-12-31',5,'2011-10-28 10:26:03','2020-04-28 16:57:02'),(26,'quia',141,1979,'1979-10-15',3,'2012-01-12 15:39:13','2020-04-28 16:57:02'),(27,'doloremque',85,2018,'2018-05-04',1,'2013-01-27 22:51:09','2020-04-28 16:57:02'),(28,'id',129,2017,'2017-03-14',4,'2017-07-17 06:09:22','2020-04-28 16:57:02'),(29,'dolores',159,2003,'2003-09-14',2,'2015-05-09 14:30:08','2020-04-28 16:57:02'),(30,'cum',5,1974,'1974-12-04',5,'2012-10-23 15:50:34','2020-04-28 16:57:02'),(31,'natus',45,1983,'1983-08-24',2,'2011-07-23 08:50:57','2020-04-28 16:57:02'),(32,'error',117,1982,'1982-09-11',1,'2010-06-21 00:19:41','2020-04-28 16:57:02'),(33,'dolor',149,1982,'1982-01-25',3,'2011-12-14 14:38:03','2020-04-28 16:57:02'),(34,'non',75,1980,'1980-10-01',2,'2014-07-26 02:40:25','2020-04-29 16:14:21'),(35,'quas',9,1977,'1977-05-24',3,'2017-06-10 11:30:25','2020-04-29 16:14:21'),(36,'ut',19,1986,'1986-12-24',2,'2015-06-11 00:51:00','2020-04-28 16:57:02'),(37,'quidem',39,2015,'2015-12-15',4,'2018-06-24 13:36:45','2020-04-28 16:57:02'),(38,'in',19,1989,'1989-12-12',4,'2016-07-17 22:33:52','2020-04-28 16:57:02'),(39,'autem',99,1984,'1984-09-30',3,'2010-12-31 23:32:26','2020-04-28 16:57:02'),(40,'voluptates',185,2013,'2013-09-22',4,'2010-10-30 22:06:59','2020-04-29 16:14:21'),(41,'hic',35,1975,'1975-10-01',1,'2017-10-01 08:31:28','2020-04-29 16:14:21'),(42,'quis',25,1991,'1991-02-08',5,'2011-12-02 04:17:59','2020-04-28 16:57:02'),(43,'ducimus',161,1993,'1993-10-05',5,'2010-05-18 15:02:00','2020-04-28 16:57:02'),(44,'rem',165,1989,'1989-02-16',5,'2018-08-03 07:34:50','2020-04-28 16:57:02'),(45,'atque',125,1979,'1979-07-04',2,'2014-12-28 00:55:20','2020-04-28 16:52:40'),(46,'tempore',145,1990,'1990-12-01',4,'2017-01-05 01:58:45','2020-04-29 16:14:21'),(47,'exercitationem',41,1994,'1994-07-05',3,'2018-12-11 23:54:52','2020-04-29 16:14:21'),(48,'iure',165,1991,'1991-10-17',3,'2014-08-23 07:54:59','2020-04-28 16:57:02'),(49,'repudiandae',115,2004,'2004-03-17',5,'2014-03-04 12:16:15','2020-04-28 16:57:02'),(50,'inventore',145,1973,'1973-04-16',3,'2016-06-28 09:40:53','2020-04-29 16:14:21'),(51,'corporis',31,1986,'1986-02-24',3,'2018-11-12 21:57:52','2020-04-28 16:57:02'),(52,'quisquam',41,1992,'1992-10-12',2,'2014-03-17 12:55:34','2020-04-29 16:14:21'),(53,'iste',81,1973,'1973-08-21',1,'2012-01-06 23:03:30','2020-04-29 16:14:21'),(54,'non',47,1973,'1973-06-03',2,'2010-11-01 00:49:05','2020-05-02 17:20:07'),(55,'sunt',145,1978,'1978-11-23',3,'2014-12-25 05:30:07','2020-04-28 16:57:02'),(56,'alias',65,1989,'1989-01-19',1,'2019-01-25 16:00:19','2020-04-29 16:14:21'),(57,'rem',109,2014,'2014-02-26',1,'2019-12-13 13:27:44','2020-04-28 16:57:02'),(58,'maiores',55,2010,'2010-10-07',4,'2016-05-01 17:19:29','2020-04-28 16:57:02'),(59,'et',11,1986,'1986-01-15',3,'2011-04-12 16:15:29','2020-04-28 16:52:40'),(60,'dolores',175,1985,'1985-06-18',2,'2015-10-08 12:21:43','2020-04-28 16:57:02'),(61,'sunt',153,1978,'1978-02-10',5,'2014-02-06 10:01:30','2020-04-28 16:57:02'),(62,'earum',117,1989,'1989-07-28',4,'2013-09-08 01:20:30','2020-04-28 16:57:02'),(63,'nihil',193,1989,'1989-12-11',3,'2016-10-28 07:07:56','2020-04-28 16:57:02'),(64,'nobis',149,2011,'2011-10-14',2,'2017-03-23 03:19:53','2020-04-28 16:57:02'),(65,'qui',81,1975,'1975-04-08',2,'2017-01-04 11:17:22','2020-04-28 16:57:02'),(66,'voluptas',117,2016,'2016-09-06',3,'2013-03-02 05:11:47','2020-04-28 16:57:02'),(67,'nisi',151,1975,'1975-05-23',5,'2011-01-19 15:18:54','2020-04-29 16:14:21'),(68,'ea',191,2006,'2006-08-27',2,'2013-08-18 07:28:03','2020-04-28 16:57:02'),(69,'fugiat',175,1982,'1982-03-17',1,'2015-08-29 19:47:12','2020-04-28 16:57:02'),(70,'sit',131,2014,'2014-12-31',3,'2013-04-22 17:58:54','2020-04-28 16:57:02'),(71,'cupiditate',77,1993,'1993-05-02',1,'2017-03-10 15:12:47','2020-04-29 16:14:21'),(72,'id',105,2008,'2008-12-18',1,'2010-12-06 07:35:14','2020-04-28 16:57:02'),(73,'possimus',193,2018,'2018-04-10',5,'2018-03-21 14:37:35','2020-04-28 16:57:02'),(74,'at',177,1980,'1980-03-29',5,'2019-11-13 19:03:58','2020-04-28 16:57:02'),(75,'quis',85,1990,'1990-07-08',4,'2013-04-08 09:17:09','2020-04-28 16:57:02'),(76,'cum',63,1975,'1975-03-29',1,'2015-01-03 20:35:16','2020-04-28 16:57:02'),(77,'in',193,1993,'1993-02-05',2,'2017-04-29 18:29:12','2020-04-28 16:57:02'),(78,'consequatur',171,1984,'1984-05-25',2,'2011-10-04 19:18:51','2020-04-28 16:57:02'),(79,'qui',101,2001,'2001-05-01',1,'2019-05-07 15:06:08','2020-04-29 16:14:21'),(80,'quia',7,2006,'2006-02-20',1,'2016-06-22 23:12:16','2020-04-28 16:57:02'),(81,'illo',9,2005,'2005-03-15',5,'2012-08-29 23:57:49','2020-04-28 16:57:02'),(82,'ut',5,1982,'1982-02-17',2,'2019-01-25 13:45:43','2020-04-28 16:57:02'),(83,'qui',89,2010,'2010-04-16',1,'2015-12-19 19:40:18','2020-04-28 16:57:02'),(84,'est',65,1972,'1972-08-07',1,'2016-11-06 07:37:22','2020-04-28 16:57:02'),(85,'sit',63,2008,'2008-12-02',4,'2011-07-29 03:26:24','2020-04-28 16:57:02'),(86,'nemo',157,1987,'1987-09-21',2,'2019-09-27 01:59:11','2020-04-28 16:57:02'),(87,'possimus',121,2019,'2019-02-03',4,'2019-12-23 08:58:45','2020-04-28 16:57:02'),(88,'fuga',123,2008,'2008-05-07',3,'2018-08-06 11:18:03','2020-04-28 16:57:02'),(89,'consequatur',65,1992,'1992-11-21',4,'2020-04-19 02:40:21','2020-04-28 16:57:02'),(90,'asperiores',13,1989,'1989-06-27',4,'2015-01-06 05:06:16','2020-04-28 16:57:02'),(91,'maiores',103,2012,'2012-09-13',2,'2014-11-21 22:19:47','2020-04-28 16:57:02'),(92,'laboriosam',95,1975,'1975-12-20',2,'2011-12-05 10:43:03','2020-04-28 16:57:02'),(93,'amet',117,1995,'1995-08-12',5,'2016-03-07 01:24:38','2020-04-28 16:57:02'),(94,'et',125,2003,'2003-01-29',1,'2019-06-03 14:22:59','2020-04-29 16:14:21'),(95,'dolores',117,1990,'1990-06-07',3,'2013-03-29 17:23:19','2020-04-29 16:14:21'),(96,'et',99,2013,'2013-08-20',4,'2019-06-21 08:54:19','2020-04-28 16:57:02'),(97,'expedita',171,2005,'2005-09-10',2,'2019-01-14 22:20:42','2020-04-29 16:14:21'),(98,'velit',37,2012,'2012-12-26',3,'2018-01-13 06:29:20','2020-04-28 16:57:02'),(99,'nostrum',157,1979,'1979-05-13',4,'2011-01-11 09:43:34','2020-04-28 16:57:02'),(100,'eum',111,2002,'2002-01-28',1,'2011-08-19 06:48:26','2020-04-28 16:57:02');
/*!40000 ALTER TABLE `films` ENABLE KEYS */;
UNLOCK TABLES;
/*!50003 SET @saved_cs_client      = @@character_set_client */ ;
/*!50003 SET @saved_cs_results     = @@character_set_results */ ;
/*!50003 SET @saved_col_connection = @@collation_connection */ ;
/*!50003 SET character_set_client  = utf8mb4 */ ;
/*!50003 SET character_set_results = utf8mb4 */ ;
/*!50003 SET collation_connection  = utf8mb4_0900_ai_ci */ ;
/*!50003 SET @saved_sql_mode       = @@sql_mode */ ;
/*!50003 SET sql_mode              = 'ONLY_FULL_GROUP_BY,STRICT_TRANS_TABLES,NO_ZERO_IN_DATE,NO_ZERO_DATE,ERROR_FOR_DIVISION_BY_ZERO,NO_ENGINE_SUBSTITUTION' */ ;
DELIMITER ;;
/*!50003 CREATE*/ /*!50017 DEFINER=`root`@`localhost`*/ /*!50003 TRIGGER `check_year_release_date_films_insert` BEFORE INSERT ON `films` FOR EACH ROW BEGIN
  IF NEW.`year` > YEAR(NEW.release_date) THEN
    SIGNAL SQLSTATE '45000' SET MESSAGE_TEXT = 'the year cannot be greater than the release date';
  END IF;
  END */;;
DELIMITER ;
/*!50003 SET sql_mode              = @saved_sql_mode */ ;
/*!50003 SET character_set_client  = @saved_cs_client */ ;
/*!50003 SET character_set_results = @saved_cs_results */ ;
/*!50003 SET collation_connection  = @saved_col_connection */ ;
/*!50003 SET @saved_cs_client      = @@character_set_client */ ;
/*!50003 SET @saved_cs_results     = @@character_set_results */ ;
/*!50003 SET @saved_col_connection = @@collation_connection */ ;
/*!50003 SET character_set_client  = utf8mb4 */ ;
/*!50003 SET character_set_results = utf8mb4 */ ;
/*!50003 SET collation_connection  = utf8mb4_0900_ai_ci */ ;
/*!50003 SET @saved_sql_mode       = @@sql_mode */ ;
/*!50003 SET sql_mode              = 'ONLY_FULL_GROUP_BY,STRICT_TRANS_TABLES,NO_ZERO_IN_DATE,NO_ZERO_DATE,ERROR_FOR_DIVISION_BY_ZERO,NO_ENGINE_SUBSTITUTION' */ ;
DELIMITER ;;
/*!50003 CREATE*/ /*!50017 DEFINER=`root`@`localhost`*/ /*!50003 TRIGGER `check_year_release_date_films_update` BEFORE UPDATE ON `films` FOR EACH ROW BEGIN
  IF NEW.`year` > YEAR(NEW.release_date) THEN
    SIGNAL SQLSTATE '45000' SET MESSAGE_TEXT = 'the year cannot be greater than the release date';
  END IF;
  END */;;
DELIMITER ;
/*!50003 SET sql_mode              = @saved_sql_mode */ ;
/*!50003 SET character_set_client  = @saved_cs_client */ ;
/*!50003 SET character_set_results = @saved_cs_results */ ;
/*!50003 SET collation_connection  = @saved_col_connection */ ;

--
-- Table structure for table `films_countries`
--

DROP TABLE IF EXISTS `films_countries`;
/*!40101 SET @saved_cs_client     = @@character_set_client */;
/*!50503 SET character_set_client = utf8mb4 */;
CREATE TABLE `films_countries` (
  `film_id` int unsigned NOT NULL,
  `country_id` int unsigned NOT NULL,
  PRIMARY KEY (`film_id`,`country_id`),
  KEY `films_countries_country_id_fk` (`country_id`),
  CONSTRAINT `films_countries_country_id_fk` FOREIGN KEY (`country_id`) REFERENCES `countries` (`id`) ON DELETE CASCADE,
  CONSTRAINT `films_countries_film_id_fk` FOREIGN KEY (`film_id`) REFERENCES `films` (`id`) ON DELETE CASCADE
) ENGINE=InnoDB DEFAULT CHARSET=utf8 COLLATE=utf8_unicode_ci;
/*!40101 SET character_set_client = @saved_cs_client */;

--
-- Dumping data for table `films_countries`
--

LOCK TABLES `films_countries` WRITE;
/*!40000 ALTER TABLE `films_countries` DISABLE KEYS */;
INSERT INTO `films_countries` VALUES (13,1),(89,2),(89,3),(1,4),(48,5),(57,6),(42,7),(73,8),(20,9),(42,10),(54,11),(7,12),(43,13),(15,14),(56,15),(72,16),(23,17),(19,18),(52,19),(75,20),(64,21),(68,22),(32,23),(1,24),(51,25),(9,26),(38,27),(83,28),(32,29),(10,30),(71,31),(87,32),(95,33),(9,34),(78,35),(6,36),(2,37),(64,38),(72,39),(77,40),(85,41),(21,42),(89,43),(5,44),(88,45),(54,46),(20,47),(35,48),(24,49),(29,50),(71,51),(83,52),(17,53),(74,54),(64,55),(90,56),(17,57),(88,58),(73,59),(57,60),(69,61),(5,62),(33,63),(74,64),(44,65),(49,66),(60,67),(53,68),(74,69),(52,70),(74,71),(46,72),(70,73),(84,74),(4,75),(36,76),(73,77),(74,78),(1,79),(70,80),(77,81),(4,82),(74,83),(38,84),(11,85),(64,86),(15,87),(38,88),(12,89),(56,90),(51,91),(43,92),(66,93),(8,94),(16,95),(85,96),(65,97),(67,98),(47,99),(78,100);
/*!40000 ALTER TABLE `films_countries` ENABLE KEYS */;
UNLOCK TABLES;

--
-- Table structure for table `films_film_makers`
--

DROP TABLE IF EXISTS `films_film_makers`;
/*!40101 SET @saved_cs_client     = @@character_set_client */;
/*!50503 SET character_set_client = utf8mb4 */;
CREATE TABLE `films_film_makers` (
  `film_id` int unsigned NOT NULL,
  `film_maker_id` int unsigned NOT NULL,
  `role_id` int unsigned NOT NULL,
  `nomination_id` int unsigned DEFAULT NULL COMMENT 'номинация',
  `is_won` tinyint(1) DEFAULT NULL COMMENT '1 - выиграл, 0 - номинирован',
  PRIMARY KEY (`film_id`,`film_maker_id`,`role_id`),
  KEY `films_film_makers_film_maker_id_fk` (`film_maker_id`),
  KEY `films_film_makers_role_id_fk` (`role_id`),
  KEY `films_film_makers_nomination_id_fk` (`nomination_id`),
  CONSTRAINT `films_film_makers_film_id_fk` FOREIGN KEY (`film_id`) REFERENCES `films` (`id`) ON DELETE CASCADE,
  CONSTRAINT `films_film_makers_film_maker_id_fk` FOREIGN KEY (`film_maker_id`) REFERENCES `film_makers` (`id`) ON DELETE CASCADE,
  CONSTRAINT `films_film_makers_nomination_id_fk` FOREIGN KEY (`nomination_id`) REFERENCES `nominations` (`id`) ON DELETE CASCADE,
  CONSTRAINT `films_film_makers_role_id_fk` FOREIGN KEY (`role_id`) REFERENCES `roles` (`id`) ON DELETE CASCADE
) ENGINE=InnoDB DEFAULT CHARSET=utf8mb4 COLLATE=utf8mb4_0900_ai_ci;
/*!40101 SET character_set_client = @saved_cs_client */;

--
-- Dumping data for table `films_film_makers`
--

LOCK TABLES `films_film_makers` WRITE;
/*!40000 ALTER TABLE `films_film_makers` DISABLE KEYS */;
INSERT INTO `films_film_makers` VALUES (2,62,5,22,1),(2,67,4,16,0),(4,154,8,NULL,NULL),(4,172,3,NULL,NULL),(6,108,6,NULL,NULL),(9,9,2,NULL,NULL),(9,78,6,NULL,NULL),(9,82,3,NULL,NULL),(9,106,5,28,0),(9,170,3,30,0),(10,22,5,17,1),(10,95,3,NULL,NULL),(11,42,5,NULL,NULL),(12,134,5,NULL,NULL),(13,110,8,NULL,NULL),(13,140,2,NULL,NULL),(13,178,5,NULL,NULL),(13,199,2,27,1),(14,4,7,NULL,NULL),(15,6,1,NULL,NULL),(15,120,4,NULL,NULL),(15,171,7,NULL,NULL),(16,165,6,NULL,NULL),(17,63,8,18,0),(17,95,2,NULL,NULL),(18,178,2,NULL,NULL),(19,148,6,NULL,NULL),(20,12,2,NULL,NULL),(20,79,2,NULL,NULL),(20,181,1,NULL,NULL),(21,33,8,NULL,NULL),(21,36,3,NULL,NULL),(21,55,1,NULL,NULL),(21,80,1,25,0),(21,130,6,24,0),(21,135,4,NULL,NULL),(21,149,5,23,0),(24,39,3,NULL,NULL),(24,118,4,NULL,NULL),(24,144,2,NULL,NULL),(25,154,1,NULL,NULL),(26,24,6,NULL,NULL),(27,11,2,NULL,NULL),(27,22,5,NULL,NULL),(27,85,6,NULL,NULL),(27,125,1,NULL,NULL),(27,131,6,NULL,NULL),(28,35,6,NULL,NULL),(28,72,5,NULL,NULL),(28,74,3,NULL,NULL),(28,107,3,NULL,NULL),(28,124,5,NULL,NULL),(29,50,4,NULL,NULL),(30,176,7,NULL,NULL),(31,27,8,NULL,NULL),(31,123,2,NULL,NULL),(33,49,5,NULL,NULL),(33,66,8,NULL,NULL),(34,43,4,NULL,NULL),(34,50,3,5,1),(34,51,8,NULL,NULL),(34,185,8,NULL,NULL),(35,14,5,NULL,NULL),(35,42,2,20,0),(36,66,2,NULL,NULL),(36,66,8,NULL,NULL),(36,138,6,NULL,NULL),(38,2,2,NULL,NULL),(38,121,4,NULL,NULL),(38,200,3,NULL,NULL),(39,13,5,NULL,NULL),(39,95,3,NULL,NULL),(40,104,1,6,0),(40,186,1,NULL,NULL),(41,137,8,7,0),(41,175,3,NULL,NULL),(41,198,8,NULL,NULL),(42,62,1,NULL,NULL),(43,27,6,NULL,NULL),(43,190,3,NULL,NULL),(45,12,8,NULL,NULL),(45,130,1,NULL,NULL),(45,146,6,NULL,NULL),(46,126,1,14,0),(46,176,6,15,0),(47,43,4,NULL,NULL),(47,60,8,8,0),(47,91,7,NULL,NULL),(47,120,7,NULL,NULL),(48,121,7,NULL,NULL),(51,93,1,9,0),(51,128,5,NULL,NULL),(51,149,3,NULL,NULL),(52,189,6,10,0),(52,196,4,NULL,NULL),(53,13,5,NULL,NULL),(53,127,2,19,1),(53,143,3,2,0),(53,157,1,3,0),(53,199,5,NULL,NULL),(54,144,2,NULL,NULL),(54,162,8,NULL,NULL),(54,173,2,4,0),(55,53,4,NULL,NULL),(55,138,6,NULL,NULL),(56,75,7,21,0),(56,139,8,NULL,NULL),(56,168,7,NULL,NULL),(57,20,6,NULL,NULL),(57,73,8,NULL,NULL),(58,75,3,NULL,NULL),(58,81,2,NULL,NULL),(59,125,2,NULL,NULL),(59,175,6,NULL,NULL),(61,149,8,NULL,NULL),(62,144,2,NULL,NULL),(63,58,7,NULL,NULL),(65,183,7,NULL,NULL),(66,32,5,NULL,NULL),(66,92,4,NULL,NULL),(66,109,4,NULL,NULL),(66,151,1,NULL,NULL),(67,67,2,13,0),(67,124,1,NULL,NULL),(67,196,7,NULL,NULL),(68,84,4,NULL,NULL),(68,96,8,NULL,NULL),(69,149,2,NULL,NULL),(69,149,3,NULL,NULL),(70,14,4,NULL,NULL),(71,5,6,NULL,NULL),(71,10,7,NULL,NULL),(71,79,5,12,0),(71,120,5,NULL,NULL),(71,157,5,NULL,NULL),(71,165,2,NULL,NULL),(72,150,2,NULL,NULL),(72,191,8,NULL,NULL),(73,126,5,NULL,NULL),(73,144,4,NULL,NULL),(73,152,6,NULL,NULL),(74,118,6,NULL,NULL),(75,50,2,NULL,NULL),(75,89,2,NULL,NULL),(76,120,8,NULL,NULL),(77,89,4,NULL,NULL),(77,177,3,NULL,NULL),(77,190,3,NULL,NULL),(78,39,6,NULL,NULL),(78,46,2,NULL,NULL),(78,119,2,NULL,NULL),(79,141,4,NULL,NULL),(80,14,5,NULL,NULL),(81,86,1,NULL,NULL),(81,123,4,NULL,NULL),(81,197,7,NULL,NULL),(82,32,5,NULL,NULL),(82,133,6,NULL,NULL),(83,82,8,NULL,NULL),(83,104,4,NULL,NULL),(84,5,2,NULL,NULL),(84,166,1,NULL,NULL),(85,200,7,NULL,NULL),(86,10,8,NULL,NULL),(86,62,8,NULL,NULL),(86,86,6,NULL,NULL),(86,153,1,NULL,NULL),(86,191,4,NULL,NULL),(87,163,4,NULL,NULL),(88,27,1,NULL,NULL),(88,28,8,NULL,NULL),(88,140,6,NULL,NULL),(88,147,1,NULL,NULL),(89,80,2,NULL,NULL),(90,124,7,NULL,NULL),(90,157,5,NULL,NULL),(93,40,7,NULL,NULL),(93,141,2,NULL,NULL),(93,145,7,NULL,NULL),(93,166,5,NULL,NULL),(93,191,6,NULL,NULL),(94,6,4,NULL,NULL),(94,110,5,29,0),(95,16,3,NULL,NULL),(95,34,7,NULL,NULL),(95,47,3,1,0),(95,164,8,NULL,NULL),(95,193,6,NULL,NULL),(96,199,5,NULL,NULL),(97,25,8,11,0),(97,35,1,NULL,NULL),(97,74,8,NULL,NULL),(97,96,4,NULL,NULL),(98,36,7,NULL,NULL),(98,92,4,NULL,NULL),(98,175,8,NULL,NULL),(99,34,2,NULL,NULL),(99,147,4,NULL,NULL),(99,178,4,NULL,NULL),(100,73,7,26,0);
/*!40000 ALTER TABLE `films_film_makers` ENABLE KEYS */;
UNLOCK TABLES;

--
-- Table structure for table `films_genres`
--

DROP TABLE IF EXISTS `films_genres`;
/*!40101 SET @saved_cs_client     = @@character_set_client */;
/*!50503 SET character_set_client = utf8mb4 */;
CREATE TABLE `films_genres` (
  `film_id` int unsigned NOT NULL,
  `genre_id` int unsigned NOT NULL,
  PRIMARY KEY (`film_id`,`genre_id`),
  KEY `films_genres_genre_id_fk` (`genre_id`),
  CONSTRAINT `films_genres_film_id_fk` FOREIGN KEY (`film_id`) REFERENCES `films` (`id`) ON DELETE CASCADE,
  CONSTRAINT `films_genres_genre_id_fk` FOREIGN KEY (`genre_id`) REFERENCES `genres` (`id`) ON DELETE CASCADE
) ENGINE=InnoDB DEFAULT CHARSET=utf8 COLLATE=utf8_unicode_ci;
/*!40101 SET character_set_client = @saved_cs_client */;

--
-- Dumping data for table `films_genres`
--

LOCK TABLES `films_genres` WRITE;
/*!40000 ALTER TABLE `films_genres` DISABLE KEYS */;
INSERT INTO `films_genres` VALUES (37,1),(43,1),(56,1),(91,1),(21,2),(27,2),(34,2),(43,2),(51,2),(65,2),(73,2),(99,2),(59,3),(6,4),(9,4),(10,4),(30,4),(31,4),(45,4),(48,4),(53,4),(66,4),(70,4),(75,4),(83,4),(96,4),(4,5),(11,5),(24,5),(42,5),(57,5),(68,5),(88,5),(5,6),(15,6),(18,6),(19,6),(29,6),(32,6),(36,6),(38,6),(49,6),(62,6),(64,6),(74,6),(76,6),(77,6),(84,6),(8,7),(17,7),(22,7),(24,7),(26,7),(41,7),(52,7),(54,7),(80,7),(85,7),(92,7),(7,8),(25,8),(30,8),(63,8),(69,8),(78,8),(81,8),(97,8),(16,9),(20,9),(61,9),(67,9),(79,9),(3,10),(28,10),(46,10),(55,10),(60,10),(12,11),(13,11),(86,11),(93,11),(98,11),(1,12),(2,12),(58,12),(89,12),(100,12),(39,13),(40,13),(50,13),(72,13),(94,13),(95,13),(12,14),(35,14),(47,14),(71,14),(75,14),(82,14),(90,14);
/*!40000 ALTER TABLE `films_genres` ENABLE KEYS */;
UNLOCK TABLES;

--
-- Table structure for table `gender`
--

DROP TABLE IF EXISTS `gender`;
/*!40101 SET @saved_cs_client     = @@character_set_client */;
/*!50503 SET character_set_client = utf8mb4 */;
CREATE TABLE `gender` (
  `id` int unsigned NOT NULL AUTO_INCREMENT,
  `name` char(1) CHARACTER SET utf8 COLLATE utf8_unicode_ci NOT NULL,
  PRIMARY KEY (`id`),
  UNIQUE KEY `name` (`name`)
) ENGINE=InnoDB AUTO_INCREMENT=3 DEFAULT CHARSET=utf8 COLLATE=utf8_unicode_ci COMMENT='пол человека';
/*!40101 SET character_set_client = @saved_cs_client */;

--
-- Dumping data for table `gender`
--

LOCK TABLES `gender` WRITE;
/*!40000 ALTER TABLE `gender` DISABLE KEYS */;
INSERT INTO `gender` VALUES (2,'f'),(1,'m');
/*!40000 ALTER TABLE `gender` ENABLE KEYS */;
UNLOCK TABLES;

--
-- Table structure for table `genres`
--

DROP TABLE IF EXISTS `genres`;
/*!40101 SET @saved_cs_client     = @@character_set_client */;
/*!50503 SET character_set_client = utf8mb4 */;
CREATE TABLE `genres` (
  `id` int unsigned NOT NULL AUTO_INCREMENT,
  `name` varchar(150) CHARACTER SET utf8 COLLATE utf8_unicode_ci NOT NULL,
  PRIMARY KEY (`id`),
  UNIQUE KEY `name` (`name`)
) ENGINE=InnoDB AUTO_INCREMENT=15 DEFAULT CHARSET=utf8 COLLATE=utf8_unicode_ci COMMENT='название жанра фильма';
/*!40101 SET character_set_client = @saved_cs_client */;

--
-- Dumping data for table `genres`
--

LOCK TABLES `genres` WRITE;
/*!40000 ALTER TABLE `genres` DISABLE KEYS */;
INSERT INTO `genres` VALUES (9,'action'),(10,'animation'),(11,'comedy'),(2,'crime'),(6,'drama'),(5,'experimental'),(12,'fantasy'),(1,'historical'),(8,'horror'),(7,'other'),(13,'romance'),(3,'science fiction'),(4,'thriller'),(14,'western');
/*!40000 ALTER TABLE `genres` ENABLE KEYS */;
UNLOCK TABLES;

--
-- Table structure for table `likes`
--

DROP TABLE IF EXISTS `likes`;
/*!40101 SET @saved_cs_client     = @@character_set_client */;
/*!50503 SET character_set_client = utf8mb4 */;
CREATE TABLE `likes` (
  `id` int unsigned NOT NULL AUTO_INCREMENT,
  `user_id` int unsigned NOT NULL COMMENT 'кто поставил лайк из пользователей',
  `target_id` int unsigned NOT NULL COMMENT 'целевой id фильма или человека из индустрии',
  `target_type_id` int unsigned NOT NULL COMMENT 'ссылка на user_types, не может быть пользователем',
  `created_at` datetime DEFAULT CURRENT_TIMESTAMP,
  PRIMARY KEY (`id`),
  KEY `likes_user_id_fk` (`user_id`),
  KEY `likes_target_type_id_fk` (`target_type_id`),
  CONSTRAINT `likes_target_type_id_fk` FOREIGN KEY (`target_type_id`) REFERENCES `user_types` (`id`) ON DELETE CASCADE,
  CONSTRAINT `likes_user_id_fk` FOREIGN KEY (`user_id`) REFERENCES `users` (`id`) ON DELETE CASCADE
) ENGINE=InnoDB AUTO_INCREMENT=207 DEFAULT CHARSET=utf8 COLLATE=utf8_unicode_ci COMMENT='лайки фильмам и работникам киноиндустрии';
/*!40101 SET character_set_client = @saved_cs_client */;

--
-- Dumping data for table `likes`
--

LOCK TABLES `likes` WRITE;
/*!40000 ALTER TABLE `likes` DISABLE KEYS */;
INSERT INTO `likes` VALUES (1,80,199,1,'2014-01-10 04:03:21'),(2,8,181,1,'2020-01-31 04:32:06'),(3,94,198,1,'2015-12-22 19:46:21'),(4,76,24,2,'2017-07-08 23:12:07'),(5,6,179,1,'2011-05-27 01:24:49'),(6,30,25,2,'2010-06-01 20:24:36'),(7,88,23,1,'2019-03-08 17:27:54'),(8,26,15,1,'2015-03-28 14:12:17'),(9,67,191,1,'2013-07-08 01:26:17'),(10,78,74,2,'2012-06-30 23:47:28'),(11,35,155,1,'2011-08-30 11:35:07'),(12,42,59,2,'2010-09-12 10:42:31'),(13,102,157,1,'2015-04-30 11:51:45'),(14,100,55,2,'2018-05-07 06:21:18'),(15,46,158,1,'2019-08-14 05:19:21'),(16,79,164,1,'2019-08-04 18:31:25'),(17,46,8,2,'2014-09-29 10:27:57'),(18,49,84,2,'2020-02-03 07:12:12'),(19,4,93,2,'2011-10-13 08:34:47'),(20,41,17,2,'2012-04-08 05:26:02'),(21,42,95,2,'2015-05-05 11:59:47'),(22,74,84,2,'2011-08-12 08:03:06'),(23,39,1,1,'2012-10-25 20:00:45'),(24,73,136,1,'2010-09-14 15:12:59'),(25,44,24,2,'2018-04-23 20:29:44'),(26,43,59,2,'2020-01-11 16:37:29'),(27,87,54,2,'2018-08-01 12:40:55'),(28,10,24,2,'2015-05-06 06:15:30'),(29,25,176,1,'2014-09-25 10:14:28'),(30,28,58,2,'2011-12-13 12:18:58'),(31,98,55,2,'2018-08-19 20:11:49'),(32,67,111,1,'2013-05-09 03:40:02'),(33,59,189,1,'2011-03-03 07:39:02'),(34,21,85,2,'2010-05-29 03:58:07'),(35,45,59,2,'2017-05-11 22:36:14'),(36,78,74,2,'2015-06-11 21:32:51'),(37,18,37,2,'2018-07-31 08:16:50'),(38,24,153,1,'2017-10-18 03:15:44'),(39,33,92,2,'2019-11-19 16:41:26'),(40,1,31,2,'2012-12-18 04:33:41'),(41,66,29,2,'2013-02-19 01:22:57'),(42,53,32,2,'2013-12-24 07:14:06'),(43,71,37,1,'2016-05-16 04:52:10'),(44,13,10,1,'2017-03-10 04:27:24'),(45,79,91,2,'2016-12-30 19:54:19'),(46,102,170,1,'2015-09-17 05:06:38'),(47,95,41,2,'2019-09-05 17:17:28'),(48,70,61,2,'2017-02-27 08:25:09'),(49,97,67,2,'2016-12-28 05:07:15'),(50,9,151,1,'2015-10-31 23:40:08'),(51,102,24,1,'2014-12-07 02:54:31'),(52,37,31,2,'2019-08-25 01:23:03'),(53,73,13,1,'2015-05-04 02:47:14'),(54,75,90,2,'2015-07-15 10:56:46'),(55,83,23,2,'2015-01-07 17:06:43'),(56,58,125,1,'2013-07-23 11:18:46'),(57,59,167,1,'2012-09-18 21:59:30'),(58,88,49,1,'2016-12-10 14:03:56'),(59,3,85,2,'2014-07-16 03:33:54'),(60,87,88,2,'2016-05-02 11:49:32'),(61,18,40,2,'2019-05-29 00:43:35'),(62,75,63,2,'2017-04-03 17:47:45'),(63,95,35,2,'2011-05-28 16:43:52'),(64,75,29,2,'2018-02-26 04:36:55'),(65,48,188,1,'2017-12-02 12:16:20'),(66,51,142,1,'2017-11-03 13:20:46'),(67,52,66,1,'2016-06-29 21:28:22'),(68,86,78,2,'2016-03-28 17:29:18'),(69,94,150,1,'2018-03-05 15:05:57'),(70,69,52,1,'2019-12-06 10:49:09'),(71,95,133,1,'2014-10-31 03:12:45'),(72,21,118,1,'2011-12-31 11:22:42'),(73,93,64,2,'2020-03-19 09:04:34'),(74,76,187,1,'2017-06-25 22:01:10'),(75,31,66,2,'2018-11-10 19:01:36'),(76,83,199,1,'2013-04-25 20:58:57'),(77,47,43,1,'2017-11-04 11:53:16'),(78,84,10,2,'2015-04-30 15:03:06'),(79,39,43,2,'2010-05-08 02:14:58'),(80,2,114,1,'2018-03-20 03:39:55'),(81,94,42,2,'2017-12-03 13:26:35'),(82,60,134,1,'2018-03-23 12:14:31'),(83,22,23,2,'2019-07-30 21:40:05'),(84,66,19,2,'2020-03-17 20:52:38'),(85,19,184,1,'2015-05-03 07:58:07'),(86,29,24,2,'2019-12-07 00:15:00'),(87,98,20,2,'2014-07-17 08:07:24'),(88,87,51,2,'2015-03-08 08:51:41'),(89,9,116,1,'2011-05-13 01:43:14'),(90,95,51,2,'2012-02-14 00:34:01'),(91,68,198,1,'2016-05-23 20:05:06'),(92,1,97,2,'2010-09-12 02:55:48'),(93,49,73,2,'2016-09-12 21:01:22'),(94,46,105,1,'2014-09-26 17:49:16'),(95,64,93,2,'2015-11-18 02:30:37'),(96,84,132,1,'2012-06-08 20:56:25'),(97,99,46,2,'2019-09-27 23:11:07'),(98,21,90,1,'2019-09-06 04:51:43'),(99,64,65,2,'2013-01-04 07:29:55'),(100,48,62,1,'2012-04-03 02:56:42'),(101,23,60,2,'2011-08-03 14:52:13'),(102,65,8,2,'2018-11-21 13:15:37'),(103,71,132,1,'2011-07-28 00:58:41'),(104,65,29,2,'2011-08-12 15:42:29'),(105,60,62,1,'2019-03-11 19:01:42'),(106,38,83,2,'2010-11-26 13:20:46'),(107,2,130,1,'2012-10-07 14:57:41'),(108,70,40,2,'2014-08-22 07:21:07'),(109,62,34,1,'2016-12-18 05:49:19'),(110,93,65,1,'2019-01-09 14:37:28'),(111,21,32,1,'2018-05-16 15:59:33'),(112,103,56,2,'2011-03-01 21:24:34'),(113,62,66,2,'2013-01-15 20:21:40'),(114,8,26,2,'2018-07-23 19:13:38'),(115,98,13,1,'2017-05-05 06:12:32'),(116,49,75,1,'2014-06-15 23:16:31'),(117,51,82,2,'2012-05-05 08:33:09'),(118,12,70,2,'2015-05-15 15:36:50'),(119,44,1,1,'2010-05-01 20:22:19'),(120,92,2,1,'2017-12-06 23:45:34'),(121,26,25,1,'2015-07-13 12:17:58'),(122,84,141,1,'2016-12-29 08:35:50'),(123,71,9,2,'2015-02-24 19:58:47'),(124,98,151,1,'2010-07-31 01:11:04'),(125,42,23,2,'2014-04-15 12:13:14'),(126,51,31,2,'2013-09-05 20:28:52'),(127,60,56,1,'2013-04-27 17:31:29'),(128,71,90,2,'2011-10-22 02:48:18'),(129,65,198,1,'2017-05-28 08:51:40'),(130,40,21,1,'2012-11-01 05:21:48'),(131,83,180,1,'2017-09-20 06:49:22'),(132,58,17,2,'2017-02-28 05:20:21'),(133,39,37,2,'2016-08-31 11:08:22'),(134,69,112,1,'2014-09-08 17:23:09'),(135,83,63,2,'2017-09-16 20:59:25'),(136,83,173,1,'2014-04-21 21:29:13'),(137,80,26,2,'2018-04-20 09:17:36'),(138,12,200,1,'2012-07-31 11:16:14'),(139,73,92,1,'2012-06-02 13:49:53'),(140,81,37,2,'2015-07-10 20:40:29'),(141,5,55,2,'2019-09-06 00:50:58'),(142,40,162,1,'2011-06-13 06:29:51'),(143,16,130,1,'2016-11-18 21:10:06'),(144,47,48,2,'2013-02-09 07:52:04'),(145,63,49,2,'2017-08-16 20:51:44'),(146,73,130,1,'2018-04-15 01:58:41'),(147,45,109,1,'2011-05-11 11:09:33'),(148,30,8,2,'2015-01-23 10:29:37'),(149,2,56,2,'2019-05-26 19:17:43'),(150,22,45,2,'2018-03-15 02:57:20'),(151,74,141,1,'2012-12-03 20:10:39'),(152,56,167,1,'2012-01-18 10:27:53'),(153,51,6,2,'2010-12-21 05:21:05'),(154,50,63,2,'2012-10-30 18:08:39'),(155,27,34,1,'2012-07-10 02:24:26'),(156,91,63,1,'2017-11-16 02:49:09'),(157,58,38,1,'2014-07-22 13:28:48'),(158,43,49,1,'2012-12-05 02:08:15'),(159,29,174,1,'2019-08-14 12:11:52'),(160,89,99,2,'2012-02-05 22:43:32'),(161,90,21,1,'2010-07-21 16:59:35'),(162,98,97,1,'2012-08-31 09:58:42'),(163,50,183,1,'2014-05-22 01:57:59'),(164,103,58,2,'2014-10-15 10:52:19'),(165,39,99,1,'2013-02-03 11:51:41'),(166,41,86,2,'2015-09-25 13:42:06'),(167,58,59,1,'2019-12-20 01:08:41'),(168,20,21,2,'2014-12-09 01:18:39'),(169,94,151,1,'2013-11-25 02:09:17'),(170,21,25,2,'2019-09-13 07:08:18'),(171,8,57,2,'2018-08-10 10:58:20'),(172,14,41,2,'2015-11-26 23:10:20'),(173,58,12,1,'2020-03-11 04:50:42'),(174,75,32,2,'2016-08-10 17:36:46'),(175,24,52,2,'2011-01-17 08:40:58'),(176,95,93,2,'2013-09-09 03:43:35'),(177,103,28,2,'2010-05-08 04:47:36'),(178,20,93,2,'2012-03-24 07:45:20'),(179,11,51,2,'2018-07-16 15:32:48'),(180,32,114,1,'2013-03-08 12:52:28'),(181,73,93,2,'2013-04-11 07:12:49'),(182,20,133,1,'2019-09-18 00:49:08'),(183,39,101,1,'2015-07-07 14:55:43'),(184,18,151,1,'2018-06-14 03:22:49'),(185,35,133,1,'2018-05-04 16:47:18'),(186,70,29,2,'2016-12-13 07:10:31'),(187,98,89,1,'2015-10-15 09:42:59'),(188,10,39,2,'2016-06-09 05:48:35'),(189,58,24,2,'2015-03-24 06:16:40'),(190,66,170,1,'2014-05-23 22:20:43'),(191,28,92,2,'2019-05-27 10:51:36'),(192,23,120,1,'2018-03-16 00:27:18'),(193,23,98,2,'2018-05-21 05:52:01'),(194,11,27,1,'2019-03-20 01:51:01'),(195,46,120,1,'2013-04-13 16:48:35'),(196,31,98,1,'2013-03-05 19:04:33'),(197,52,95,2,'2010-12-31 21:24:48'),(198,77,71,1,'2018-11-23 04:48:16'),(199,67,49,1,'2016-05-09 11:48:16'),(200,63,69,1,'2011-03-19 18:14:18'),(203,12,69,2,'2020-05-02 16:50:16'),(204,13,69,2,'2020-05-02 16:50:36'),(205,14,69,2,'2020-05-02 16:50:52'),(206,15,69,2,'2020-05-02 16:51:25');
/*!40000 ALTER TABLE `likes` ENABLE KEYS */;
UNLOCK TABLES;
/*!50003 SET @saved_cs_client      = @@character_set_client */ ;
/*!50003 SET @saved_cs_results     = @@character_set_results */ ;
/*!50003 SET @saved_col_connection = @@collation_connection */ ;
/*!50003 SET character_set_client  = utf8mb4 */ ;
/*!50003 SET character_set_results = utf8mb4 */ ;
/*!50003 SET collation_connection  = utf8mb4_0900_ai_ci */ ;
/*!50003 SET @saved_sql_mode       = @@sql_mode */ ;
/*!50003 SET sql_mode              = 'ONLY_FULL_GROUP_BY,STRICT_TRANS_TABLES,NO_ZERO_IN_DATE,NO_ZERO_DATE,ERROR_FOR_DIVISION_BY_ZERO,NO_ENGINE_SUBSTITUTION' */ ;
DELIMITER ;;
/*!50003 CREATE*/ /*!50017 DEFINER=`root`@`localhost`*/ /*!50003 TRIGGER `check_target_type_id_likes_insert` BEFORE INSERT ON `likes` FOR EACH ROW BEGIN
  IF NEW.target_type_id >= 3 THEN
    SIGNAL SQLSTATE '45000' SET MESSAGE_TEXT = 'Operation is not acceptable:value must to be 1 or 2';
  END IF;
  END */;;
DELIMITER ;
/*!50003 SET sql_mode              = @saved_sql_mode */ ;
/*!50003 SET character_set_client  = @saved_cs_client */ ;
/*!50003 SET character_set_results = @saved_cs_results */ ;
/*!50003 SET collation_connection  = @saved_col_connection */ ;
/*!50003 SET @saved_cs_client      = @@character_set_client */ ;
/*!50003 SET @saved_cs_results     = @@character_set_results */ ;
/*!50003 SET @saved_col_connection = @@collation_connection */ ;
/*!50003 SET character_set_client  = utf8mb4 */ ;
/*!50003 SET character_set_results = utf8mb4 */ ;
/*!50003 SET collation_connection  = utf8mb4_0900_ai_ci */ ;
/*!50003 SET @saved_sql_mode       = @@sql_mode */ ;
/*!50003 SET sql_mode              = 'ONLY_FULL_GROUP_BY,STRICT_TRANS_TABLES,NO_ZERO_IN_DATE,NO_ZERO_DATE,ERROR_FOR_DIVISION_BY_ZERO,NO_ENGINE_SUBSTITUTION' */ ;
DELIMITER ;;
/*!50003 CREATE*/ /*!50017 DEFINER=`root`@`localhost`*/ /*!50003 TRIGGER `check_target_type_id_likes_update` BEFORE UPDATE ON `likes` FOR EACH ROW BEGIN
  IF NEW.target_type_id >= 3 THEN
    SIGNAL SQLSTATE '45000' SET MESSAGE_TEXT = 'Operation is not acceptable:value must to be 1 or 2';
  END IF;
  END */;;
DELIMITER ;
/*!50003 SET sql_mode              = @saved_sql_mode */ ;
/*!50003 SET character_set_client  = @saved_cs_client */ ;
/*!50003 SET character_set_results = @saved_cs_results */ ;
/*!50003 SET collation_connection  = @saved_col_connection */ ;

--
-- Table structure for table `media`
--

DROP TABLE IF EXISTS `media`;
/*!40101 SET @saved_cs_client     = @@character_set_client */;
/*!50503 SET character_set_client = utf8mb4 */;
CREATE TABLE `media` (
  `id` int unsigned NOT NULL AUTO_INCREMENT,
  `media_type_id` int unsigned NOT NULL,
  `user_type_id` int unsigned NOT NULL COMMENT 'тип владельца медиафайла',
  `file_path` varchar(255) CHARACTER SET utf8 COLLATE utf8_unicode_ci NOT NULL,
  `metadata` json DEFAULT NULL,
  `created_at` datetime DEFAULT CURRENT_TIMESTAMP,
  `updated_at` datetime DEFAULT CURRENT_TIMESTAMP ON UPDATE CURRENT_TIMESTAMP,
  PRIMARY KEY (`id`),
  KEY `media_media_type_id_fk` (`media_type_id`),
  KEY `media_user_type_id_fk` (`user_type_id`),
  CONSTRAINT `media_media_type_id_fk` FOREIGN KEY (`media_type_id`) REFERENCES `media_types` (`id`) ON DELETE CASCADE,
  CONSTRAINT `media_user_type_id_fk` FOREIGN KEY (`user_type_id`) REFERENCES `user_types` (`id`) ON DELETE CASCADE
) ENGINE=InnoDB AUTO_INCREMENT=201 DEFAULT CHARSET=utf8 COLLATE=utf8_unicode_ci COMMENT='спиок всех медиаданных';
/*!40101 SET character_set_client = @saved_cs_client */;

--
-- Dumping data for table `media`
--

LOCK TABLES `media` WRITE;
/*!40000 ALTER TABLE `media` DISABLE KEYS */;
INSERT INTO `media` VALUES (1,1,1,'https://dropbox/kp/file_1932','{\"owner\": \"system\"}','2015-07-25 20:32:14','2020-04-28 17:25:10'),(2,2,2,'https://dropbox/kp/file_9241','{\"owner\": \"system\"}','2013-04-07 22:48:32','2020-04-28 17:25:10'),(3,1,3,'https://dropbox/kp/file_409','{\"owner\": \"user\"}','2020-04-04 21:53:38','2020-04-28 17:25:10'),(4,2,1,'https://dropbox/kp/file_4323','{\"owner\": \"system\"}','2016-10-15 12:43:33','2020-04-28 17:25:10'),(5,1,2,'https://dropbox/kp/file_387','{\"owner\": \"system\"}','2019-04-11 07:19:00','2020-04-28 17:25:10'),(6,2,3,'https://dropbox/kp/file_8964','{\"owner\": \"user\"}','2011-03-05 09:54:35','2020-04-28 17:25:10'),(7,1,1,'https://dropbox/kp/file_3661','{\"owner\": \"system\"}','2016-11-10 21:04:21','2020-04-28 17:25:10'),(8,2,2,'https://dropbox/kp/file_1412','{\"owner\": \"system\"}','2019-11-08 14:11:34','2020-04-28 17:25:10'),(9,1,3,'https://dropbox/kp/file_6075','{\"owner\": \"user\"}','2015-07-12 18:47:26','2020-04-28 17:25:10'),(10,2,1,'https://dropbox/kp/file_6141','{\"owner\": \"system\"}','2014-01-03 21:12:19','2020-04-28 17:25:10'),(11,1,2,'https://dropbox/kp/file_2479','{\"owner\": \"system\"}','2012-03-01 09:23:32','2020-04-28 17:25:10'),(12,2,3,'https://dropbox/kp/file_3971','{\"owner\": \"user\"}','2012-06-12 22:37:38','2020-04-28 17:25:10'),(13,1,1,'https://dropbox/kp/file_2416','{\"owner\": \"system\"}','2012-11-23 14:13:34','2020-04-28 17:25:10'),(14,2,2,'https://dropbox/kp/file_169','{\"owner\": \"system\"}','2019-10-13 21:38:09','2020-04-28 17:25:10'),(15,1,3,'https://dropbox/kp/file_3594','{\"owner\": \"user\"}','2010-11-03 21:19:07','2020-04-28 17:25:10'),(16,2,1,'https://dropbox/kp/file_7464','{\"owner\": \"system\"}','2011-07-11 00:14:47','2020-04-28 17:25:10'),(17,1,2,'https://dropbox/kp/file_6536','{\"owner\": \"system\"}','2013-06-07 00:59:33','2020-04-28 17:25:10'),(18,2,3,'https://dropbox/kp/file_290','{\"owner\": \"user\"}','2015-07-19 06:03:58','2020-04-28 17:25:10'),(19,1,1,'https://dropbox/kp/file_1840','{\"owner\": \"system\"}','2016-10-13 12:02:06','2020-04-28 17:25:10'),(20,2,2,'https://dropbox/kp/file_8328','{\"owner\": \"system\"}','2017-05-11 17:01:13','2020-04-28 17:25:10'),(21,1,3,'https://dropbox/kp/file_6121','{\"owner\": \"user\"}','2017-11-15 10:09:38','2020-04-28 17:25:10'),(22,2,1,'https://dropbox/kp/file_5621','{\"owner\": \"system\"}','2019-12-18 22:26:59','2020-04-28 17:25:10'),(23,1,2,'https://dropbox/kp/file_9741','{\"owner\": \"system\"}','2017-04-10 16:52:30','2020-04-28 17:25:10'),(24,2,3,'https://dropbox/kp/file_1840','{\"owner\": \"user\"}','2014-06-30 17:21:16','2020-04-28 17:25:10'),(25,1,1,'https://dropbox/kp/file_9977','{\"owner\": \"system\"}','2014-01-08 06:55:51','2020-04-28 17:25:10'),(26,2,2,'https://dropbox/kp/file_4367','{\"owner\": \"system\"}','2010-06-11 00:33:48','2020-04-28 17:25:10'),(27,1,3,'https://dropbox/kp/file_1901','{\"owner\": \"user\"}','2014-05-04 09:56:50','2020-04-28 17:25:10'),(28,2,1,'https://dropbox/kp/file_6403','{\"owner\": \"system\"}','2019-08-10 13:30:55','2020-04-28 17:25:10'),(29,1,2,'https://dropbox/kp/file_6314','{\"owner\": \"system\"}','2011-02-25 21:43:47','2020-04-28 17:25:10'),(30,2,3,'https://dropbox/kp/file_2359','{\"owner\": \"user\"}','2013-01-12 02:30:36','2020-04-28 17:25:10'),(31,1,1,'https://dropbox/kp/file_2851','{\"owner\": \"system\"}','2018-06-26 23:52:29','2020-04-28 17:25:10'),(32,2,2,'https://dropbox/kp/file_7179','{\"owner\": \"system\"}','2015-11-09 16:04:22','2020-04-28 17:25:10'),(33,1,3,'https://dropbox/kp/file_7341','{\"owner\": \"user\"}','2018-12-08 17:40:08','2020-04-28 17:25:10'),(34,2,1,'https://dropbox/kp/file_5169','{\"owner\": \"system\"}','2012-12-12 07:17:04','2020-04-28 17:25:10'),(35,1,2,'https://dropbox/kp/file_3820','{\"owner\": \"system\"}','2011-02-02 04:55:13','2020-04-28 17:25:10'),(36,2,3,'https://dropbox/kp/file_3592','{\"owner\": \"user\"}','2013-07-24 12:20:31','2020-04-28 17:25:10'),(37,1,1,'https://dropbox/kp/file_6500','{\"owner\": \"system\"}','2018-03-07 11:45:47','2020-04-28 17:25:10'),(38,2,2,'https://dropbox/kp/file_1724','{\"owner\": \"system\"}','2014-11-13 21:15:06','2020-04-28 17:25:10'),(39,1,3,'https://dropbox/kp/file_9121','{\"owner\": \"user\"}','2016-04-19 23:14:12','2020-04-28 17:25:10'),(40,2,1,'https://dropbox/kp/file_430','{\"owner\": \"system\"}','2013-12-21 05:07:26','2020-04-28 17:25:10'),(41,1,2,'https://dropbox/kp/file_4788','{\"owner\": \"system\"}','2012-01-04 00:05:45','2020-04-28 17:25:10'),(42,2,3,'https://dropbox/kp/file_2648','{\"owner\": \"user\"}','2015-12-29 04:14:21','2020-04-28 17:25:10'),(43,1,1,'https://dropbox/kp/file_8878','{\"owner\": \"system\"}','2010-09-21 14:47:51','2020-04-28 17:25:10'),(44,2,2,'https://dropbox/kp/file_6444','{\"owner\": \"system\"}','2013-04-02 19:48:46','2020-04-28 17:25:10'),(45,1,3,'https://dropbox/kp/file_5586','{\"owner\": \"user\"}','2014-12-24 01:12:38','2020-04-28 17:25:10'),(46,2,1,'https://dropbox/kp/file_8597','{\"owner\": \"system\"}','2019-12-25 14:51:43','2020-04-28 17:25:10'),(47,1,2,'https://dropbox/kp/file_6227','{\"owner\": \"system\"}','2017-11-21 00:47:15','2020-04-28 17:25:10'),(48,2,3,'https://dropbox/kp/file_5344','{\"owner\": \"user\"}','2015-10-15 16:43:10','2020-04-28 17:25:10'),(49,1,1,'https://dropbox/kp/file_8038','{\"owner\": \"system\"}','2012-11-30 02:09:44','2020-04-28 17:25:10'),(50,2,2,'https://dropbox/kp/file_4159','{\"owner\": \"system\"}','2016-08-07 05:01:00','2020-04-28 17:25:10'),(51,1,3,'https://dropbox/kp/file_6678','{\"owner\": \"user\"}','2017-09-15 06:43:59','2020-04-28 17:25:10'),(52,2,1,'https://dropbox/kp/file_915','{\"owner\": \"system\"}','2019-02-28 04:11:05','2020-04-28 17:25:10'),(53,1,2,'https://dropbox/kp/file_4538','{\"owner\": \"system\"}','2014-04-21 10:24:09','2020-04-28 17:25:10'),(54,2,3,'https://dropbox/kp/file_9944','{\"owner\": \"user\"}','2014-04-03 09:43:51','2020-04-28 17:25:10'),(55,1,1,'https://dropbox/kp/file_6108','{\"owner\": \"system\"}','2013-04-10 17:00:41','2020-04-28 17:25:10'),(56,2,2,'https://dropbox/kp/file_705','{\"owner\": \"system\"}','2016-03-04 23:11:46','2020-04-28 17:25:10'),(57,1,3,'https://dropbox/kp/file_5202','{\"owner\": \"user\"}','2016-11-08 19:22:29','2020-04-28 17:25:10'),(58,2,1,'https://dropbox/kp/file_3894','{\"owner\": \"system\"}','2016-04-25 18:52:28','2020-04-28 17:25:10'),(59,1,2,'https://dropbox/kp/file_3865','{\"owner\": \"system\"}','2013-05-29 23:39:58','2020-04-28 17:25:10'),(60,2,3,'https://dropbox/kp/file_7643','{\"owner\": \"user\"}','2014-01-05 15:33:57','2020-04-28 17:25:10'),(61,1,1,'https://dropbox/kp/file_6619','{\"owner\": \"system\"}','2018-08-22 03:16:44','2020-04-28 17:25:10'),(62,2,2,'https://dropbox/kp/file_165','{\"owner\": \"system\"}','2016-01-16 22:04:28','2020-04-28 17:25:10'),(63,1,3,'https://dropbox/kp/file_966','{\"owner\": \"user\"}','2014-08-14 02:58:39','2020-04-28 17:25:10'),(64,2,1,'https://dropbox/kp/file_4337','{\"owner\": \"system\"}','2011-10-01 00:29:36','2020-04-28 17:25:10'),(65,1,2,'https://dropbox/kp/file_8784','{\"owner\": \"system\"}','2013-04-05 17:42:39','2020-04-28 17:25:10'),(66,2,3,'https://dropbox/kp/file_911','{\"owner\": \"user\"}','2019-01-13 23:55:59','2020-04-28 17:25:10'),(67,1,1,'https://dropbox/kp/file_8200','{\"owner\": \"system\"}','2018-12-22 04:19:50','2020-04-28 17:25:10'),(68,2,2,'https://dropbox/kp/file_8266','{\"owner\": \"system\"}','2015-04-19 17:08:00','2020-04-28 17:25:10'),(69,1,3,'https://dropbox/kp/file_6731','{\"owner\": \"user\"}','2017-07-01 13:13:06','2020-04-28 17:25:10'),(70,2,1,'https://dropbox/kp/file_8857','{\"owner\": \"system\"}','2017-08-10 07:13:14','2020-04-28 17:25:10'),(71,1,2,'https://dropbox/kp/file_4089','{\"owner\": \"system\"}','2017-09-23 05:45:58','2020-04-28 17:25:10'),(72,2,3,'https://dropbox/kp/file_3874','{\"owner\": \"user\"}','2015-12-22 05:51:57','2020-04-28 17:25:10'),(73,1,1,'https://dropbox/kp/file_7105','{\"owner\": \"system\"}','2012-11-15 14:25:58','2020-04-28 17:25:10'),(74,2,2,'https://dropbox/kp/file_3900','{\"owner\": \"system\"}','2011-08-20 07:24:07','2020-04-28 17:25:10'),(75,1,3,'https://dropbox/kp/file_8186','{\"owner\": \"user\"}','2015-11-23 10:58:26','2020-04-28 17:25:10'),(76,2,1,'https://dropbox/kp/file_9231','{\"owner\": \"system\"}','2017-04-24 07:06:00','2020-04-28 17:25:10'),(77,1,2,'https://dropbox/kp/file_1596','{\"owner\": \"system\"}','2010-07-04 09:34:56','2020-04-28 17:25:10'),(78,2,3,'https://dropbox/kp/file_285','{\"owner\": \"user\"}','2011-11-05 06:45:17','2020-04-28 17:25:10'),(79,1,1,'https://dropbox/kp/file_6638','{\"owner\": \"system\"}','2015-04-25 20:43:53','2020-04-28 17:25:10'),(80,2,2,'https://dropbox/kp/file_2336','{\"owner\": \"system\"}','2010-12-02 14:56:05','2020-04-28 17:25:10'),(81,1,3,'https://dropbox/kp/file_1763','{\"owner\": \"user\"}','2016-04-30 14:41:35','2020-04-28 17:25:10'),(82,2,1,'https://dropbox/kp/file_1805','{\"owner\": \"system\"}','2012-04-23 01:00:35','2020-04-28 17:25:10'),(83,1,2,'https://dropbox/kp/file_3739','{\"owner\": \"system\"}','2012-12-23 04:09:17','2020-04-28 17:25:10'),(84,2,3,'https://dropbox/kp/file_3278','{\"owner\": \"user\"}','2014-07-08 01:53:29','2020-04-28 17:25:10'),(85,1,1,'https://dropbox/kp/file_5171','{\"owner\": \"system\"}','2010-05-17 02:23:22','2020-04-28 17:25:10'),(86,2,2,'https://dropbox/kp/file_6020','{\"owner\": \"system\"}','2015-07-09 16:18:35','2020-04-28 17:25:10'),(87,1,3,'https://dropbox/kp/file_4586','{\"owner\": \"user\"}','2012-04-12 19:20:03','2020-04-28 17:25:10'),(88,2,1,'https://dropbox/kp/file_4870','{\"owner\": \"system\"}','2019-12-08 23:16:34','2020-04-28 17:25:10'),(89,1,2,'https://dropbox/kp/file_592','{\"owner\": \"system\"}','2014-05-10 07:26:19','2020-04-28 17:25:10'),(90,2,3,'https://dropbox/kp/file_8351','{\"owner\": \"user\"}','2014-04-09 09:14:22','2020-04-28 17:25:10'),(91,1,1,'https://dropbox/kp/file_9978','{\"owner\": \"system\"}','2012-03-13 23:45:00','2020-04-28 17:25:10'),(92,2,2,'https://dropbox/kp/file_4835','{\"owner\": \"system\"}','2019-11-13 04:16:48','2020-04-28 17:25:10'),(93,1,3,'https://dropbox/kp/file_4240','{\"owner\": \"user\"}','2015-05-27 09:48:10','2020-04-28 17:25:10'),(94,2,1,'https://dropbox/kp/file_6695','{\"owner\": \"system\"}','2013-04-15 01:11:13','2020-04-28 17:25:10'),(95,1,2,'https://dropbox/kp/file_755','{\"owner\": \"system\"}','2016-10-07 06:31:45','2020-04-28 17:25:10'),(96,2,3,'https://dropbox/kp/file_3691','{\"owner\": \"user\"}','2014-08-03 10:07:55','2020-04-28 17:25:10'),(97,1,1,'https://dropbox/kp/file_6190','{\"owner\": \"system\"}','2020-03-08 21:30:39','2020-04-28 17:25:10'),(98,2,2,'https://dropbox/kp/file_9877','{\"owner\": \"system\"}','2019-08-01 14:34:17','2020-04-28 17:25:10'),(99,1,3,'https://dropbox/kp/file_813','{\"owner\": \"user\"}','2013-01-11 14:09:27','2020-04-28 17:25:10'),(100,2,1,'https://dropbox/kp/file_4432','{\"owner\": \"system\"}','2017-11-02 02:25:23','2020-04-28 17:25:10'),(101,1,2,'https://dropbox/kp/file_9724','{\"owner\": \"system\"}','2010-10-09 12:45:26','2020-04-28 17:25:10'),(102,2,3,'https://dropbox/kp/file_5321','{\"owner\": \"user\"}','2011-10-21 21:52:27','2020-04-28 17:25:10'),(103,1,1,'https://dropbox/kp/file_7432','{\"owner\": \"system\"}','2018-12-24 22:41:52','2020-04-28 17:25:10'),(104,2,2,'https://dropbox/kp/file_1199','{\"owner\": \"system\"}','2019-02-27 01:39:22','2020-04-28 17:25:10'),(105,1,3,'https://dropbox/kp/file_3698','{\"owner\": \"user\"}','2012-12-04 07:09:23','2020-04-28 17:25:10'),(106,2,1,'https://dropbox/kp/file_4891','{\"owner\": \"system\"}','2016-02-07 14:23:49','2020-04-28 17:25:10'),(107,1,2,'https://dropbox/kp/file_3363','{\"owner\": \"system\"}','2018-03-20 00:37:57','2020-04-28 17:25:10'),(108,2,3,'https://dropbox/kp/file_2139','{\"owner\": \"user\"}','2016-08-21 16:43:32','2020-04-28 17:25:10'),(109,1,1,'https://dropbox/kp/file_608','{\"owner\": \"system\"}','2019-09-16 19:52:57','2020-04-28 17:25:10'),(110,2,2,'https://dropbox/kp/file_6623','{\"owner\": \"system\"}','2011-09-11 04:55:22','2020-04-28 17:25:10'),(111,1,3,'https://dropbox/kp/file_1289','{\"owner\": \"user\"}','2010-11-20 14:22:40','2020-04-28 17:25:10'),(112,2,1,'https://dropbox/kp/file_6576','{\"owner\": \"system\"}','2011-04-29 18:37:16','2020-04-28 17:25:10'),(113,1,2,'https://dropbox/kp/file_9013','{\"owner\": \"system\"}','2018-06-08 06:54:19','2020-04-28 17:25:10'),(114,2,3,'https://dropbox/kp/file_5337','{\"owner\": \"user\"}','2011-03-26 23:17:43','2020-04-28 17:25:10'),(115,1,1,'https://dropbox/kp/file_9644','{\"owner\": \"system\"}','2011-07-16 23:39:43','2020-04-28 17:25:10'),(116,2,2,'https://dropbox/kp/file_2211','{\"owner\": \"system\"}','2019-07-14 14:01:10','2020-04-28 17:25:10'),(117,1,3,'https://dropbox/kp/file_2122','{\"owner\": \"user\"}','2015-05-05 19:34:53','2020-04-28 17:25:10'),(118,2,1,'https://dropbox/kp/file_3975','{\"owner\": \"system\"}','2013-05-19 14:57:30','2020-04-28 17:25:10'),(119,1,2,'https://dropbox/kp/file_3508','{\"owner\": \"system\"}','2010-12-27 10:47:26','2020-04-28 17:25:10'),(120,2,3,'https://dropbox/kp/file_5614','{\"owner\": \"user\"}','2016-05-17 21:57:13','2020-04-28 17:25:10'),(121,1,1,'https://dropbox/kp/file_7545','{\"owner\": \"system\"}','2017-10-28 03:17:23','2020-04-28 17:25:10'),(122,2,2,'https://dropbox/kp/file_881','{\"owner\": \"system\"}','2014-04-29 03:31:40','2020-04-28 17:25:10'),(123,1,3,'https://dropbox/kp/file_1773','{\"owner\": \"user\"}','2015-03-03 16:47:51','2020-04-28 17:25:10'),(124,2,1,'https://dropbox/kp/file_6222','{\"owner\": \"system\"}','2014-03-05 04:17:01','2020-04-28 17:25:10'),(125,1,2,'https://dropbox/kp/file_5789','{\"owner\": \"system\"}','2016-12-11 04:42:14','2020-04-28 17:25:10'),(126,2,3,'https://dropbox/kp/file_278','{\"owner\": \"user\"}','2016-12-31 17:18:48','2020-04-28 17:25:10'),(127,1,1,'https://dropbox/kp/file_4022','{\"owner\": \"system\"}','2014-07-10 12:11:54','2020-04-28 17:25:10'),(128,2,2,'https://dropbox/kp/file_9277','{\"owner\": \"system\"}','2019-04-23 09:32:14','2020-04-28 17:25:10'),(129,1,3,'https://dropbox/kp/file_4320','{\"owner\": \"user\"}','2019-09-01 17:13:18','2020-04-28 17:25:10'),(130,2,1,'https://dropbox/kp/file_3766','{\"owner\": \"system\"}','2014-11-10 20:21:58','2020-04-28 17:25:10'),(131,1,2,'https://dropbox/kp/file_5872','{\"owner\": \"system\"}','2016-12-07 14:45:53','2020-04-28 17:25:10'),(132,2,3,'https://dropbox/kp/file_8062','{\"owner\": \"user\"}','2018-06-01 13:09:23','2020-04-28 17:25:10'),(133,1,1,'https://dropbox/kp/file_2690','{\"owner\": \"system\"}','2017-04-03 14:47:41','2020-04-28 17:25:10'),(134,2,2,'https://dropbox/kp/file_9267','{\"owner\": \"system\"}','2019-05-16 20:10:58','2020-04-28 17:25:10'),(135,1,3,'https://dropbox/kp/file_8264','{\"owner\": \"user\"}','2020-01-14 08:32:54','2020-04-28 17:25:10'),(136,2,1,'https://dropbox/kp/file_3516','{\"owner\": \"system\"}','2014-10-07 03:29:06','2020-04-28 17:25:10'),(137,1,2,'https://dropbox/kp/file_2790','{\"owner\": \"system\"}','2012-04-06 17:21:24','2020-04-28 17:25:10'),(138,2,3,'https://dropbox/kp/file_3400','{\"owner\": \"user\"}','2015-01-22 03:16:59','2020-04-28 17:25:10'),(139,1,1,'https://dropbox/kp/file_8630','{\"owner\": \"system\"}','2014-07-16 12:34:10','2020-04-28 17:25:10'),(140,2,2,'https://dropbox/kp/file_2949','{\"owner\": \"system\"}','2017-12-25 07:47:56','2020-04-28 17:25:10'),(141,1,3,'https://dropbox/kp/file_8853','{\"owner\": \"user\"}','2010-07-15 10:30:09','2020-04-28 17:25:10'),(142,2,1,'https://dropbox/kp/file_5418','{\"owner\": \"system\"}','2017-12-29 00:26:30','2020-04-28 17:25:10'),(143,1,2,'https://dropbox/kp/file_530','{\"owner\": \"system\"}','2017-07-05 00:56:59','2020-04-28 17:25:10'),(144,2,3,'https://dropbox/kp/file_6397','{\"owner\": \"user\"}','2011-09-09 19:58:22','2020-04-28 17:25:10'),(145,1,1,'https://dropbox/kp/file_393','{\"owner\": \"system\"}','2015-01-24 16:21:54','2020-04-28 17:25:10'),(146,2,2,'https://dropbox/kp/file_2776','{\"owner\": \"system\"}','2016-08-18 03:52:26','2020-04-28 17:25:10'),(147,1,3,'https://dropbox/kp/file_2698','{\"owner\": \"user\"}','2018-02-09 13:34:33','2020-04-28 17:25:10'),(148,2,1,'https://dropbox/kp/file_5163','{\"owner\": \"system\"}','2016-12-02 05:04:47','2020-04-28 17:25:10'),(149,1,2,'https://dropbox/kp/file_7721','{\"owner\": \"system\"}','2011-08-17 00:33:06','2020-04-28 17:25:10'),(150,2,3,'https://dropbox/kp/file_3115','{\"owner\": \"user\"}','2015-04-15 05:15:14','2020-04-28 17:25:10'),(151,1,1,'https://dropbox/kp/file_2412','{\"owner\": \"system\"}','2017-07-23 12:32:52','2020-04-28 17:25:10'),(152,2,2,'https://dropbox/kp/file_2714','{\"owner\": \"system\"}','2011-08-07 03:58:37','2020-04-28 17:25:10'),(153,1,3,'https://dropbox/kp/file_6332','{\"owner\": \"user\"}','2019-12-11 05:37:36','2020-04-28 17:25:10'),(154,2,1,'https://dropbox/kp/file_3520','{\"owner\": \"system\"}','2019-05-22 07:11:53','2020-04-28 17:25:10'),(155,1,2,'https://dropbox/kp/file_8604','{\"owner\": \"system\"}','2019-03-13 23:00:28','2020-04-28 17:25:10'),(156,2,3,'https://dropbox/kp/file_2458','{\"owner\": \"user\"}','2011-02-17 04:02:05','2020-04-28 17:25:10'),(157,1,1,'https://dropbox/kp/file_6476','{\"owner\": \"system\"}','2019-02-14 19:10:53','2020-04-28 17:25:10'),(158,2,2,'https://dropbox/kp/file_5006','{\"owner\": \"system\"}','2015-12-17 15:05:41','2020-04-28 17:25:10'),(159,1,3,'https://dropbox/kp/file_5604','{\"owner\": \"user\"}','2015-07-19 19:19:30','2020-04-28 17:25:10'),(160,2,1,'https://dropbox/kp/file_2999','{\"owner\": \"system\"}','2017-11-30 20:37:22','2020-04-28 17:25:10'),(161,1,2,'https://dropbox/kp/file_8184','{\"owner\": \"system\"}','2019-03-30 14:07:42','2020-04-28 17:25:10'),(162,2,3,'https://dropbox/kp/file_1921','{\"owner\": \"user\"}','2011-12-23 14:32:25','2020-04-28 17:25:10'),(163,1,1,'https://dropbox/kp/file_5054','{\"owner\": \"system\"}','2015-07-18 05:07:12','2020-04-28 17:25:10'),(164,2,2,'https://dropbox/kp/file_9505','{\"owner\": \"system\"}','2011-11-08 02:21:14','2020-04-28 17:25:10'),(165,1,3,'https://dropbox/kp/file_2365','{\"owner\": \"user\"}','2017-10-29 14:18:26','2020-04-28 17:25:10'),(166,2,1,'https://dropbox/kp/file_3309','{\"owner\": \"system\"}','2012-06-03 12:59:30','2020-04-28 17:25:10'),(167,1,2,'https://dropbox/kp/file_9450','{\"owner\": \"system\"}','2013-08-24 19:50:58','2020-04-28 17:25:10'),(168,2,3,'https://dropbox/kp/file_7321','{\"owner\": \"user\"}','2016-02-01 22:35:49','2020-04-28 17:25:10'),(169,1,1,'https://dropbox/kp/file_8254','{\"owner\": \"system\"}','2018-06-24 23:07:50','2020-04-28 17:25:10'),(170,2,2,'https://dropbox/kp/file_9307','{\"owner\": \"system\"}','2019-04-11 16:18:47','2020-04-28 17:25:10'),(171,1,3,'https://dropbox/kp/file_1773','{\"owner\": \"user\"}','2014-11-04 23:23:26','2020-04-28 17:25:10'),(172,2,1,'https://dropbox/kp/file_942','{\"owner\": \"system\"}','2019-04-30 13:52:44','2020-04-28 17:25:10'),(173,1,2,'https://dropbox/kp/file_9390','{\"owner\": \"system\"}','2017-12-18 03:17:21','2020-04-28 17:25:10'),(174,2,3,'https://dropbox/kp/file_4123','{\"owner\": \"user\"}','2010-06-18 15:45:26','2020-04-28 17:25:10'),(175,1,1,'https://dropbox/kp/file_2446','{\"owner\": \"system\"}','2012-07-06 03:01:50','2020-04-28 17:25:10'),(176,2,2,'https://dropbox/kp/file_9862','{\"owner\": \"system\"}','2018-09-16 21:57:33','2020-04-28 17:25:10'),(177,1,3,'https://dropbox/kp/file_1971','{\"owner\": \"user\"}','2013-02-25 19:29:20','2020-04-28 17:25:10'),(178,2,1,'https://dropbox/kp/file_268','{\"owner\": \"system\"}','2019-02-10 20:17:48','2020-04-28 17:25:10'),(179,1,2,'https://dropbox/kp/file_5427','{\"owner\": \"system\"}','2017-01-26 17:18:42','2020-04-28 17:25:10'),(180,2,3,'https://dropbox/kp/file_6330','{\"owner\": \"user\"}','2010-05-20 13:49:22','2020-04-28 17:25:10'),(181,1,1,'https://dropbox/kp/file_5369','{\"owner\": \"system\"}','2013-02-20 12:45:37','2020-04-28 17:25:10'),(182,2,2,'https://dropbox/kp/file_7856','{\"owner\": \"system\"}','2015-12-08 07:16:15','2020-04-28 17:25:10'),(183,1,3,'https://dropbox/kp/file_3170','{\"owner\": \"user\"}','2018-04-15 11:54:37','2020-04-28 17:25:10'),(184,2,1,'https://dropbox/kp/file_2281','{\"owner\": \"system\"}','2011-06-09 07:52:57','2020-04-28 17:25:10'),(185,1,2,'https://dropbox/kp/file_1895','{\"owner\": \"system\"}','2015-05-06 01:45:43','2020-04-28 17:25:10'),(186,2,3,'https://dropbox/kp/file_2633','{\"owner\": \"user\"}','2019-11-15 08:30:32','2020-04-28 17:25:10'),(187,1,1,'https://dropbox/kp/file_7480','{\"owner\": \"system\"}','2020-02-15 22:51:36','2020-04-28 17:25:10'),(188,2,2,'https://dropbox/kp/file_9501','{\"owner\": \"system\"}','2018-06-27 21:05:46','2020-04-28 17:25:10'),(189,1,3,'https://dropbox/kp/file_5064','{\"owner\": \"user\"}','2018-03-31 20:27:19','2020-04-28 17:25:10'),(190,2,1,'https://dropbox/kp/file_6817','{\"owner\": \"system\"}','2017-11-09 10:33:23','2020-04-28 17:25:10'),(191,1,2,'https://dropbox/kp/file_8894','{\"owner\": \"system\"}','2011-01-09 02:20:04','2020-04-28 17:25:10'),(192,2,3,'https://dropbox/kp/file_4015','{\"owner\": \"user\"}','2014-09-14 09:07:23','2020-04-28 17:25:10'),(193,1,1,'https://dropbox/kp/file_3395','{\"owner\": \"system\"}','2013-10-13 22:35:02','2020-04-28 17:25:10'),(194,2,2,'https://dropbox/kp/file_4927','{\"owner\": \"system\"}','2018-03-13 18:51:24','2020-04-28 17:25:10'),(195,1,3,'https://dropbox/kp/file_4453','{\"owner\": \"user\"}','2015-10-16 22:55:10','2020-04-28 17:25:10'),(196,2,1,'https://dropbox/kp/file_7481','{\"owner\": \"system\"}','2017-09-13 09:47:40','2020-04-28 17:25:10'),(197,1,2,'https://dropbox/kp/file_4045','{\"owner\": \"system\"}','2012-09-06 06:16:39','2020-04-28 17:25:10'),(198,2,3,'https://dropbox/kp/file_7784','{\"owner\": \"user\"}','2015-10-10 05:29:29','2020-04-28 17:25:10'),(199,1,1,'https://dropbox/kp/file_6785','{\"owner\": \"system\"}','2011-08-11 03:45:22','2020-04-28 17:25:10'),(200,2,2,'https://dropbox/kp/file_569','{\"owner\": \"system\"}','2012-10-23 02:11:49','2020-04-28 17:25:10');
/*!40000 ALTER TABLE `media` ENABLE KEYS */;
UNLOCK TABLES;

--
-- Table structure for table `media_types`
--

DROP TABLE IF EXISTS `media_types`;
/*!40101 SET @saved_cs_client     = @@character_set_client */;
/*!50503 SET character_set_client = utf8mb4 */;
CREATE TABLE `media_types` (
  `id` int unsigned NOT NULL AUTO_INCREMENT,
  `name` varchar(255) CHARACTER SET utf8 COLLATE utf8_unicode_ci NOT NULL,
  PRIMARY KEY (`id`),
  UNIQUE KEY `name` (`name`)
) ENGINE=InnoDB AUTO_INCREMENT=3 DEFAULT CHARSET=utf8 COLLATE=utf8_unicode_ci COMMENT='типы медиаданных';
/*!40101 SET character_set_client = @saved_cs_client */;

--
-- Dumping data for table `media_types`
--

LOCK TABLES `media_types` WRITE;
/*!40000 ALTER TABLE `media_types` DISABLE KEYS */;
INSERT INTO `media_types` VALUES (1,'photo'),(2,'video');
/*!40000 ALTER TABLE `media_types` ENABLE KEYS */;
UNLOCK TABLES;

--
-- Temporary view structure for view `movies_actors`
--

DROP TABLE IF EXISTS `movies_actors`;
/*!50001 DROP VIEW IF EXISTS `movies_actors`*/;
SET @saved_cs_client     = @@character_set_client;
/*!50503 SET character_set_client = utf8mb4 */;
/*!50001 CREATE VIEW `movies_actors` AS SELECT 
 1 AS `movies`,
 1 AS `actors`*/;
SET character_set_client = @saved_cs_client;

--
-- Table structure for table `nominations`
--

DROP TABLE IF EXISTS `nominations`;
/*!40101 SET @saved_cs_client     = @@character_set_client */;
/*!50503 SET character_set_client = utf8mb4 */;
CREATE TABLE `nominations` (
  `id` int unsigned NOT NULL AUTO_INCREMENT,
  `name` varchar(255) CHARACTER SET utf8 COLLATE utf8_unicode_ci NOT NULL,
  `award_id` int unsigned NOT NULL COMMENT 'ссылка на название премии',
  `year` year NOT NULL,
  `created_at` datetime DEFAULT CURRENT_TIMESTAMP,
  `updated_at` datetime DEFAULT CURRENT_TIMESTAMP ON UPDATE CURRENT_TIMESTAMP,
  PRIMARY KEY (`id`),
  KEY `nominations_award_id_fk` (`award_id`),
  CONSTRAINT `nominations_award_id_fk` FOREIGN KEY (`award_id`) REFERENCES `awards` (`id`) ON DELETE CASCADE
) ENGINE=InnoDB AUTO_INCREMENT=31 DEFAULT CHARSET=utf8 COLLATE=utf8_unicode_ci COMMENT='номинации';
/*!40101 SET character_set_client = @saved_cs_client */;

--
-- Dumping data for table `nominations`
--

LOCK TABLES `nominations` WRITE;
/*!40000 ALTER TABLE `nominations` DISABLE KEYS */;
INSERT INTO `nominations` VALUES (1,'Nam dignissimos deleniti corrupti qui est id architecto.',1,1990,'2016-01-05 08:45:25','2020-04-28 17:33:16'),(2,'Doloremque et eaque dolore inventore.',2,1973,'2011-01-29 03:45:06','2020-04-29 16:07:05'),(3,'Incidunt sint sit nostrum placeat dolores optio dolorem tempore.',3,1973,'2013-10-24 11:49:06','2020-04-29 16:06:57'),(4,'Odit voluptatem voluptatem ut in culpa sit.',1,1973,'2011-02-28 17:42:07','2020-04-29 16:07:10'),(5,'Necessitatibus sed velit non id illo quis veritatis.',2,1980,'2014-01-05 22:06:00','2020-04-28 17:33:16'),(6,'Dolores et eius fugit est quia error repudiandae exercitationem.',3,2013,'2017-04-12 18:19:50','2020-04-28 17:32:57'),(7,'Sit error illo hic aliquam animi.',1,1975,'2013-11-26 10:38:49','2020-04-28 17:33:16'),(8,'Voluptatem sed ut quibusdam nemo.',2,1994,'2016-03-28 20:11:56','2020-04-28 17:32:57'),(9,'Cumque possimus vitae aut vel vel.',3,1970,'2014-05-11 16:31:34','2020-04-28 17:33:16'),(10,'Pariatur recusandae nihil qui quaerat beatae maiores.',1,1992,'2012-08-16 05:47:24','2020-04-28 17:32:57'),(11,'Nisi corrupti libero officia maiores nihil voluptate error.',2,2005,'2012-01-23 15:29:46','2020-04-28 17:32:57'),(12,'Voluptatibus nesciunt quasi commodi explicabo ea qui repellendus.',3,1993,'2014-06-23 10:52:21','2020-04-28 17:33:16'),(13,'Eligendi aut molestiae natus corporis reiciendis.',1,1975,'2015-10-22 20:35:07','2020-04-28 17:33:16'),(14,'Rem quia tempore repellendus doloribus enim.',2,1990,'2020-02-16 08:46:52','2020-04-28 17:33:16'),(15,'Omnis rerum quo neque ut sunt.',3,1990,'2014-01-14 17:43:56','2020-04-29 16:02:41'),(16,'Nihil officiis quia omnis ut ipsa.',1,1979,'2018-11-17 06:58:03','2020-04-28 17:33:16'),(17,'Minus asperiores voluptatem ad saepe quis.',2,1987,'2011-04-23 20:24:34','2020-04-28 17:33:16'),(18,'Eaque repellendus nemo doloribus et molestiae illum et.',3,2007,'2014-06-27 04:57:26','2020-04-28 17:33:16'),(19,'Ipsum quia sed vel dignissimos tempora.',1,1973,'2010-09-22 01:26:39','2020-04-28 17:32:57'),(20,'Aut vel dolores quasi et qui doloremque et.',2,1977,'2018-12-20 17:23:31','2020-04-28 17:32:57'),(21,'Provident pariatur consectetur placeat animi recusandae.',3,1989,'2011-06-15 16:01:38','2020-04-28 17:32:57'),(22,'Officia voluptas minima in nostrum praesentium facilis repellendus.',1,1979,'2013-10-15 17:12:24','2020-04-29 16:04:43'),(23,'Et corporis voluptas et illum dolor distinctio in.',2,1990,'2016-12-19 01:28:03','2020-04-29 16:06:12'),(24,'Vel reprehenderit eos repellat molestias in.',3,1990,'2018-03-19 09:14:16','2020-04-29 16:06:08'),(25,'Et ea vero quisquam itaque alias.',1,1990,'2016-04-27 04:12:46','2020-04-28 17:32:57'),(26,'Aut impedit perferendis mollitia.',2,2002,'2020-02-26 02:25:15','2020-04-29 16:08:00'),(27,'Officia vel nemo enim ipsum voluptatem quia facere voluptatem.',3,1997,'2013-12-16 18:16:26','2020-04-28 17:32:57'),(28,'Ut sit aliquid commodi in aliquid.',1,2003,'2019-07-09 23:23:53','2020-04-29 16:05:20'),(29,'Rem omnis esse rerum quis sit est voluptatibus hic.',2,2003,'2018-09-13 13:31:23','2020-04-28 17:33:16'),(30,'Sapiente optio voluptatem et magni sint reiciendis et.',3,2003,'2015-04-16 01:52:19','2020-04-29 16:05:14');
/*!40000 ALTER TABLE `nominations` ENABLE KEYS */;
UNLOCK TABLES;

--
-- Table structure for table `roles`
--

DROP TABLE IF EXISTS `roles`;
/*!40101 SET @saved_cs_client     = @@character_set_client */;
/*!50503 SET character_set_client = utf8mb4 */;
CREATE TABLE `roles` (
  `id` int unsigned NOT NULL AUTO_INCREMENT,
  `name` varchar(100) CHARACTER SET utf8 COLLATE utf8_unicode_ci NOT NULL,
  PRIMARY KEY (`id`),
  UNIQUE KEY `name` (`name`)
) ENGINE=InnoDB AUTO_INCREMENT=9 DEFAULT CHARSET=utf8 COLLATE=utf8_unicode_ci COMMENT='профессия человека в киноиндустрии';
/*!40101 SET character_set_client = @saved_cs_client */;

--
-- Dumping data for table `roles`
--

LOCK TABLES `roles` WRITE;
/*!40000 ALTER TABLE `roles` DISABLE KEYS */;
INSERT INTO `roles` VALUES (7,'actor'),(8,'artist'),(6,'composer'),(3,'director'),(2,'editor'),(1,'operator'),(4,'producer'),(5,'screenwriter');
/*!40000 ALTER TABLE `roles` ENABLE KEYS */;
UNLOCK TABLES;

--
-- Table structure for table `user_types`
--

DROP TABLE IF EXISTS `user_types`;
/*!40101 SET @saved_cs_client     = @@character_set_client */;
/*!50503 SET character_set_client = utf8mb4 */;
CREATE TABLE `user_types` (
  `id` int unsigned NOT NULL AUTO_INCREMENT,
  `name` varchar(100) CHARACTER SET utf8 COLLATE utf8_unicode_ci NOT NULL,
  PRIMARY KEY (`id`),
  UNIQUE KEY `name` (`name`)
) ENGINE=InnoDB AUTO_INCREMENT=4 DEFAULT CHARSET=utf8 COLLATE=utf8_unicode_ci COMMENT='типы медиаданных';
/*!40101 SET character_set_client = @saved_cs_client */;

--
-- Dumping data for table `user_types`
--

LOCK TABLES `user_types` WRITE;
/*!40000 ALTER TABLE `user_types` DISABLE KEYS */;
INSERT INTO `user_types` VALUES (2,'film'),(1,'film_maker'),(3,'user');
/*!40000 ALTER TABLE `user_types` ENABLE KEYS */;
UNLOCK TABLES;

--
-- Table structure for table `users`
--

DROP TABLE IF EXISTS `users`;
/*!40101 SET @saved_cs_client     = @@character_set_client */;
/*!50503 SET character_set_client = utf8mb4 */;
CREATE TABLE `users` (
  `id` int unsigned NOT NULL AUTO_INCREMENT,
  `firstname` varchar(100) CHARACTER SET utf8 COLLATE utf8_unicode_ci NOT NULL,
  `lastname` varchar(100) CHARACTER SET utf8 COLLATE utf8_unicode_ci NOT NULL,
  `gender_id` int unsigned DEFAULT NULL,
  `birthday` date DEFAULT NULL,
  `phone` varchar(13) CHARACTER SET utf8 COLLATE utf8_unicode_ci NOT NULL,
  `email` varchar(120) CHARACTER SET utf8 COLLATE utf8_unicode_ci NOT NULL,
  `country_id` int unsigned DEFAULT NULL,
  `city` varchar(100) CHARACTER SET utf8 COLLATE utf8_unicode_ci DEFAULT NULL,
  `photo_id` int unsigned DEFAULT NULL,
  `vk_link` varchar(255) CHARACTER SET utf8 COLLATE utf8_unicode_ci DEFAULT NULL,
  `fb_link` varchar(255) CHARACTER SET utf8 COLLATE utf8_unicode_ci DEFAULT NULL,
  `created_at` datetime DEFAULT CURRENT_TIMESTAMP,
  `updated_at` datetime DEFAULT CURRENT_TIMESTAMP ON UPDATE CURRENT_TIMESTAMP,
  PRIMARY KEY (`id`),
  UNIQUE KEY `phone` (`phone`),
  UNIQUE KEY `email` (`email`),
  KEY `users_gender_id_fk` (`gender_id`),
  KEY `users_country_id_fk` (`country_id`),
  KEY `users_photo_id_fk` (`photo_id`),
  CONSTRAINT `users_country_id_fk` FOREIGN KEY (`country_id`) REFERENCES `countries` (`id`) ON DELETE CASCADE,
  CONSTRAINT `users_gender_id_fk` FOREIGN KEY (`gender_id`) REFERENCES `gender` (`id`) ON DELETE CASCADE,
  CONSTRAINT `users_photo_id_fk` FOREIGN KEY (`photo_id`) REFERENCES `media` (`id`) ON DELETE SET NULL
) ENGINE=InnoDB AUTO_INCREMENT=107 DEFAULT CHARSET=utf8 COLLATE=utf8_unicode_ci COMMENT='пользователи';
/*!40101 SET character_set_client = @saved_cs_client */;

--
-- Dumping data for table `users`
--

LOCK TABLES `users` WRITE;
/*!40000 ALTER TABLE `users` DISABLE KEYS */;
INSERT INTO `users` VALUES (1,'Sister','Williamson',1,'1982-01-31','(931)0427268','orn.flavio@gmail.com',155,'Hettingerside',127,'http://www.vk.com/id605188','http://www.facebook.com/id889544','2016-04-11 04:22:46','2020-04-28 16:29:43'),(2,'Rebeca','Dooley',1,'1972-12-28','08626739150','ernie.greenfelder@yahoo.com',26,'Homenickport',165,'http://www.vk.com/id777722','http://www.facebook.com/id264983','2019-07-19 06:29:17','2020-04-28 16:29:43'),(3,'Troy','Nitzsche',1,'1977-10-13','722.122.5006','ernestine74@yahoo.com',55,'East Xavier',103,'http://www.vk.com/id72948','http://www.facebook.com/id656181','2017-02-28 16:01:14','2020-04-28 16:29:43'),(4,'Lawson','Durgan',2,'2001-01-24','1-309-002-467','xkuhn@yahoo.com',143,'Schultzshire',59,'http://www.vk.com/id31473','http://www.facebook.com/id485860','2018-10-13 14:05:55','2020-04-28 16:29:43'),(5,'Adonis','Ernser',1,'1996-08-03','06694973981','hackett.myrtie@gmail.com',91,'South Allisonville',161,'http://www.vk.com/id938419','http://www.facebook.com/id460657','2018-12-21 16:35:58','2020-04-28 16:29:43'),(6,'Rahul','Mraz',2,'1996-05-03','(360)096-8914','amelia.zieme@yahoo.com',73,'Casperport',49,'http://www.vk.com/id597581','http://www.facebook.com/id845607','2016-03-04 15:03:40','2020-04-28 16:29:43'),(7,'Natalie','Blick',1,'2002-04-15','012-697-8462x','lorna37@yahoo.com',158,'South Roseburgh',169,'http://www.vk.com/id172547','http://www.facebook.com/id845966','2017-07-23 22:12:52','2020-04-28 16:29:43'),(8,'Cleora','Waelchi',2,'2000-07-23','417.524.0555x','hrosenbaum@yahoo.com',141,'Lake Shyanne',9,'http://www.vk.com/id69894','http://www.facebook.com/id692910','2015-12-03 10:42:44','2020-04-28 16:29:43'),(9,'Rosina','Terry',1,'1978-11-04','509.591.9465','bert29@hotmail.com',124,'New Carolinamouth',29,'http://www.vk.com/id831727','http://www.facebook.com/id926555','2016-11-04 13:43:05','2020-04-28 16:29:43'),(10,'Alexandria','Blanda',2,'1988-08-03','03587233943','cruickshank.tiffany@hotmail.com',66,'Carolinaburgh',15,'http://www.vk.com/id948856','http://www.facebook.com/id553944','2012-03-02 22:54:00','2020-04-28 16:29:43'),(11,'Dessie','Corwin',2,'2005-02-24','1-009-435-157','marisa.casper@yahoo.com',86,'West Kayli',185,'http://www.vk.com/id249003','http://www.facebook.com/id989955','2018-06-15 19:04:07','2020-04-28 16:29:43'),(12,'Una','Blanda',2,'2011-12-26','(341)481-0927','alba.graham@hotmail.com',48,'East Clarastad',55,'http://www.vk.com/id398344','http://www.facebook.com/id287847','2013-07-06 13:36:19','2020-04-28 16:29:43'),(13,'Oral','Braun',2,'2008-09-25','(495)115-7423','prunolfsdottir@yahoo.com',145,'Mayraport',29,'http://www.vk.com/id244613','http://www.facebook.com/id469270','2015-01-29 08:55:05','2020-04-28 16:29:43'),(14,'Zelma','Morissette',1,'1971-08-12','+07(9)1473573','prohaska.marianne@gmail.com',103,'Sheaton',193,'http://www.vk.com/id27934','http://www.facebook.com/id482711','2011-03-17 15:48:30','2020-04-28 16:29:43'),(15,'Arianna','Gerlach',2,'2011-07-22','501.904.8826','ferry.nathaniel@hotmail.com',107,'New Fridatown',189,'http://www.vk.com/id405730','http://www.facebook.com/id5647','2019-01-05 14:03:44','2020-04-28 16:29:43'),(16,'Wellington','West',1,'2019-03-02','685-225-2046x','toney26@yahoo.com',161,'Salvadorfurt',143,'http://www.vk.com/id944750','http://www.facebook.com/id580001','2014-11-22 23:17:47','2020-04-28 16:29:43'),(17,'Emmanuelle','Tremblay',2,'2014-07-23','1-707-130-599','gabriella76@gmail.com',154,'East Hershelmouth',167,'http://www.vk.com/id506461','http://www.facebook.com/id882967','2012-09-27 18:55:26','2020-04-28 16:29:43'),(18,'Lonie','Mohr',1,'2009-03-17','1-953-698-615','cedrick43@gmail.com',142,'Langmouth',29,'http://www.vk.com/id697957','http://www.facebook.com/id674734','2018-03-07 00:06:57','2020-04-28 16:29:43'),(19,'Zelda','Stroman',2,'1970-08-27','01450649121','ahilpert@yahoo.com',74,'Boehmville',11,'http://www.vk.com/id970304','http://www.facebook.com/id724669','2018-03-08 10:12:41','2020-04-28 16:29:43'),(20,'Layla','Blick',1,'2015-06-10','563-118-7950','reinger.ladarius@hotmail.com',189,'North Reta',53,'http://www.vk.com/id757550','http://www.facebook.com/id599045','2012-10-13 16:28:22','2020-04-28 16:29:43'),(21,'Timothy','Skiles',1,'2007-08-15','1-734-284-099','nienow.kayla@hotmail.com',108,'New Lafayetteborough',9,'http://www.vk.com/id876737','http://www.facebook.com/id821120','2016-12-22 19:31:53','2020-04-28 16:29:43'),(22,'Ignatius','Ruecker',1,'2000-10-26','01072958912','lind.juston@yahoo.com',71,'Hettingerland',179,'http://www.vk.com/id110941','http://www.facebook.com/id308365','2020-01-18 05:06:30','2020-04-28 16:29:43'),(23,'Samara','Kozey',2,'1976-03-05','1-512-533-339','lindsay.marquardt@yahoo.com',10,'New Vicenta',163,'http://www.vk.com/id924390','http://www.facebook.com/id78367','2011-01-17 20:13:36','2020-04-28 16:29:43'),(24,'Curtis','Schulist',1,'1999-03-10','641-098-2371x','turner.eveline@gmail.com',90,'Port Conrad',53,'http://www.vk.com/id289030','http://www.facebook.com/id466639','2012-12-06 17:18:10','2020-04-28 16:29:43'),(25,'Hope','Prosacco',2,'1988-06-24','956.595.3160','stoltenberg.werner@gmail.com',115,'Port Rafaela',127,'http://www.vk.com/id671882','http://www.facebook.com/id97995','2018-10-11 12:38:17','2020-04-28 16:29:43'),(26,'Darrin','Harvey',1,'1974-07-28','654-084-2543x','rohan.armani@yahoo.com',116,'New Marcosside',63,'http://www.vk.com/id492220','http://www.facebook.com/id89960','2013-11-27 17:33:13','2020-04-28 16:29:43'),(27,'Sincere','Braun',2,'1980-02-24','+55(7)3921694','jordy.fay@yahoo.com',28,'Ricechester',175,'http://www.vk.com/id445353','http://www.facebook.com/id155713','2016-01-04 02:24:05','2020-04-28 16:29:43'),(28,'Hilda','Farrell',2,'1973-01-20','08145649297','gerson.connelly@gmail.com',137,'Mertzview',133,'http://www.vk.com/id750009','http://www.facebook.com/id508585','2016-02-12 11:16:18','2020-04-28 16:29:43'),(29,'Davon','Greenfelder',1,'1989-12-04','(097)999-7070','gusikowski.cora@gmail.com',134,'Port Marlin',173,'http://www.vk.com/id413887','http://www.facebook.com/id75691','2017-11-19 01:46:21','2020-04-28 16:29:43'),(30,'Billy','Bednar',2,'2005-10-22','(505)746-3143','leuschke.felicia@hotmail.com',182,'Parisiantown',57,'http://www.vk.com/id819309','http://www.facebook.com/id852597','2015-09-21 06:33:54','2020-04-28 16:29:43'),(31,'Taya','Swift',1,'1984-08-21','(711)545-8445','arvid01@gmail.com',36,'Maeland',43,'http://www.vk.com/id854786','http://www.facebook.com/id35816','2016-03-09 10:22:16','2020-04-28 16:29:43'),(32,'Charlene','Emard',2,'1982-04-09','409-162-5519','hand.cameron@gmail.com',95,'Beierside',127,'http://www.vk.com/id815904','http://www.facebook.com/id621189','2015-05-20 07:49:47','2020-04-28 16:29:43'),(33,'Lelah','Hackett',1,'2007-06-20','1-725-712-562','krystina.connelly@yahoo.com',184,'South Gilda',29,'http://www.vk.com/id515062','http://www.facebook.com/id998398','2015-11-12 13:07:56','2020-04-28 16:29:43'),(34,'Violette','Kertzmann',2,'1995-10-06','+15(3)0236208','brooke.reilly@yahoo.com',91,'Lake Emily',181,'http://www.vk.com/id127500','http://www.facebook.com/id128326','2018-07-16 19:18:09','2020-04-28 16:29:43'),(35,'Margarete','Swift',2,'1987-10-16','007-092-0654x','johnny.stark@gmail.com',98,'East Lloyd',125,'http://www.vk.com/id92212','http://www.facebook.com/id646335','2016-01-16 11:46:56','2020-04-28 16:29:43'),(36,'Efrain','Baumbach',1,'1979-08-07','+03(0)7095517','vlittle@gmail.com',59,'East Candiceland',111,'http://www.vk.com/id78460','http://www.facebook.com/id846598','2015-02-20 11:15:54','2020-04-28 16:29:43'),(37,'Kristoffer','Koepp',1,'2001-05-09','572-784-5149','shakira38@yahoo.com',98,'South Clementineberg',73,'http://www.vk.com/id115564','http://www.facebook.com/id293887','2012-09-28 01:22:35','2020-04-28 16:29:43'),(38,'Alejandrin','Thompson',2,'1973-03-03','(427)770-7733','pmcclure@gmail.com',193,'West Karleeburgh',199,'http://www.vk.com/id342342','http://www.facebook.com/id929539','2012-06-22 00:30:44','2020-04-28 16:29:43'),(39,'Lenore','Heaney',1,'1974-03-31','(910)588-6335','mariane28@hotmail.com',54,'Port Parkershire',23,'http://www.vk.com/id364919','http://www.facebook.com/id765941','2018-04-29 08:24:05','2020-04-28 16:29:43'),(40,'Wyatt','Ortiz',2,'2013-05-08','776-047-6664','zena64@hotmail.com',130,'Dylanburgh',153,'http://www.vk.com/id797470','http://www.facebook.com/id40986','2016-11-06 12:36:21','2020-04-28 16:29:43'),(41,'Candida','Orn',1,'2012-09-17','(672)866-8141','braun.tad@hotmail.com',47,'Torphymouth',159,'http://www.vk.com/id892494','http://www.facebook.com/id907005','2017-11-22 13:05:39','2020-04-28 16:29:43'),(42,'Sydnee','Heidenreich',2,'1986-03-17','315-862-0885x','dillon56@gmail.com',22,'Beckerview',137,'http://www.vk.com/id69964','http://www.facebook.com/id411974','2014-03-04 02:43:10','2020-04-28 16:29:43'),(43,'Carson','Muller',2,'1988-12-26','1-724-894-409','franecki.eudora@gmail.com',49,'Leschport',85,'http://www.vk.com/id672235','http://www.facebook.com/id338752','2019-07-21 19:51:39','2020-04-28 16:29:43'),(44,'Delaney','Gleichner',2,'1970-04-15','1-626-695-621','maymie47@yahoo.com',180,'Hudsonbury',37,'http://www.vk.com/id151186','http://www.facebook.com/id457739','2011-07-24 18:09:16','2020-04-28 16:29:43'),(45,'Elfrieda','Rolfson',1,'1999-03-05','1-646-044-255','nlabadie@hotmail.com',72,'East Rosinafurt',185,'http://www.vk.com/id739124','http://www.facebook.com/id272343','2015-12-15 03:45:01','2020-04-28 16:29:43'),(46,'Ara','Fay',2,'1984-07-21','1-930-596-505','pfannerstill.ben@gmail.com',190,'Windlerburgh',173,'http://www.vk.com/id241965','http://www.facebook.com/id988396','2010-12-04 14:44:09','2020-04-28 16:29:43'),(47,'Haylie','Pacocha',1,'1971-12-27','(287)564-8711','ollie89@yahoo.com',167,'New Deshaun',33,'http://www.vk.com/id992351','http://www.facebook.com/id124853','2020-01-12 06:35:47','2020-04-28 16:29:43'),(48,'Jessica','Kemmer',2,'1994-10-24','1-429-000-561','lillie.price@yahoo.com',190,'Shieldsfurt',141,'http://www.vk.com/id235767','http://www.facebook.com/id658978','2015-03-21 13:01:03','2020-04-28 16:29:43'),(49,'Jenifer','Jaskolski',1,'1981-09-21','(049)966-8575','herminia36@gmail.com',18,'Coychester',71,'http://www.vk.com/id201680','http://www.facebook.com/id920233','2019-12-18 23:53:46','2020-04-28 16:29:43'),(50,'Shawn','Fritsch',2,'1995-04-28','(309)190-9290','ogerlach@hotmail.com',109,'Lake Oran',157,'http://www.vk.com/id300999','http://www.facebook.com/id624133','2010-09-20 08:19:45','2020-04-28 16:29:43'),(51,'America','Emard',1,'1977-10-08','543.652.2893x','jarrell.okuneva@gmail.com',13,'Port Ashlynnmouth',41,'http://www.vk.com/id899855','http://www.facebook.com/id359868','2019-05-07 11:01:53','2020-04-28 16:29:43'),(52,'Terry','Watsica',2,'2018-08-20','1-804-328-619','alvena.renner@gmail.com',2,'New Sven',97,'http://www.vk.com/id596182','http://www.facebook.com/id926839','2018-08-06 04:11:42','2020-04-28 16:29:43'),(53,'Ernest','Paucek',1,'1979-07-29','187-737-7852x','kailyn19@hotmail.com',134,'Janickhaven',15,'http://www.vk.com/id281246','http://www.facebook.com/id554494','2016-02-11 15:54:58','2020-04-28 16:29:43'),(54,'Aracely','Brekke',2,'1982-03-18','842-010-2554','zbednar@yahoo.com',54,'West Curthaven',83,'http://www.vk.com/id617583','http://www.facebook.com/id991853','2015-07-08 19:38:51','2020-04-28 16:29:43'),(55,'Ryan','Deckow',1,'2010-10-16','(005)292-4384','ubeatty@yahoo.com',153,'Jordanetown',115,'http://www.vk.com/id244082','http://www.facebook.com/id295685','2014-07-12 06:04:23','2020-04-28 16:29:43'),(56,'Carolyn','Ondricka',1,'1981-09-01','817-609-6722','mekhi.cassin@gmail.com',18,'Carolinebury',99,'http://www.vk.com/id367558','http://www.facebook.com/id502767','2014-05-08 17:11:03','2020-04-28 16:29:43'),(57,'Chyna','Wyman',2,'1988-10-28','161-044-3180','elyse09@gmail.com',84,'South Antonettechester',187,'http://www.vk.com/id105444','http://www.facebook.com/id626681','2013-12-17 22:11:52','2020-04-28 16:29:43'),(58,'Sonya','Shields',1,'2018-09-21','666.237.7139','nbailey@yahoo.com',190,'Lucytown',61,'http://www.vk.com/id424447','http://www.facebook.com/id625006','2010-05-25 02:42:45','2020-04-28 16:29:43'),(59,'Tressa','Berge',2,'1982-01-20','(024)544-8221','micaela46@yahoo.com',126,'West Connieborough',37,'http://www.vk.com/id805806','http://www.facebook.com/id244888','2011-05-21 10:56:12','2020-04-28 16:29:43'),(60,'Gaetano','Ferry',1,'2002-03-05','188.613.5431','kirlin.virgil@hotmail.com',139,'Clarissaberg',139,'http://www.vk.com/id755592','http://www.facebook.com/id349322','2010-05-25 11:26:56','2020-04-28 16:29:43'),(61,'Hermina','Goyette',1,'2015-02-09','094-530-8648x','isaiah45@hotmail.com',5,'New Otiliastad',123,'http://www.vk.com/id360441','http://www.facebook.com/id11846','2013-04-24 16:14:26','2020-04-28 16:29:43'),(62,'Hailie','Cartwright',2,'1976-01-10','542-077-4746','donna97@yahoo.com',71,'Tremblaystad',181,'http://www.vk.com/id535331','http://www.facebook.com/id11166','2019-01-28 19:16:39','2020-04-28 16:29:43'),(63,'Alessia','Welch',1,'1986-05-08','01268451824','alta62@gmail.com',88,'Lake Tannerbury',157,'http://www.vk.com/id595233','http://www.facebook.com/id20192','2012-06-09 17:44:43','2020-04-28 16:29:43'),(64,'Elody','Dickinson',1,'2013-09-03','425-189-5393x','phyllis31@yahoo.com',145,'South Shannon',101,'http://www.vk.com/id370073','http://www.facebook.com/id67361','2011-02-11 19:18:10','2020-04-28 16:29:43'),(65,'Durward','Flatley',2,'2000-11-25','(316)520-5623','vpfannerstill@gmail.com',97,'Skyechester',47,'http://www.vk.com/id64566','http://www.facebook.com/id276132','2018-08-17 16:15:01','2020-04-28 16:29:43'),(66,'Chadrick','Kuhn',1,'2014-01-24','1-489-364-704','marisa.howe@hotmail.com',92,'Murrayside',51,'http://www.vk.com/id212511','http://www.facebook.com/id178477','2011-10-29 23:45:33','2020-04-28 16:29:43'),(67,'Eleazar','Walter',1,'1977-09-10','(718)461-1733','gislason.fleta@gmail.com',147,'Kirstenmouth',155,'http://www.vk.com/id868756','http://www.facebook.com/id63892','2014-01-18 20:56:43','2020-04-28 16:29:43'),(68,'Ryley','Kessler',2,'1978-02-27','1-171-174-171','boehm.freida@yahoo.com',118,'South Aron',11,'http://www.vk.com/id706150','http://www.facebook.com/id783926','2014-01-30 07:26:51','2020-04-28 16:29:43'),(69,'Sam','Hodkiewicz',2,'1994-12-08','(347)604-2114','pdicki@yahoo.com',187,'Araceliborough',107,'http://www.vk.com/id924383','http://www.facebook.com/id727859','2011-11-24 21:29:36','2020-04-28 16:29:43'),(70,'Tanner','Daugherty',1,'2006-08-20','(599)628-2204','ytorphy@yahoo.com',39,'West Lucie',91,'http://www.vk.com/id503370','http://www.facebook.com/id287417','2013-10-14 17:24:55','2020-04-28 16:29:43'),(71,'Celine','Lubowitz',2,'2017-07-03','730.709.7386','mina35@hotmail.com',131,'Roselynstad',169,'http://www.vk.com/id743599','http://www.facebook.com/id253410','2018-09-18 11:06:36','2020-04-28 16:29:43'),(72,'London','Nicolas',1,'1973-09-10','862-247-3388x','mittie02@yahoo.com',169,'Pacochafort',153,'http://www.vk.com/id207789','http://www.facebook.com/id404698','2014-04-07 21:46:20','2020-04-28 16:29:43'),(73,'Orin','Paucek',2,'2011-07-14','1-919-094-205','berta91@gmail.com',100,'Mosciskiside',33,'http://www.vk.com/id808046','http://www.facebook.com/id263160','2015-03-13 20:19:41','2020-04-28 16:29:43'),(74,'Francisco','Osinski',1,'1983-11-15','009.772.5577x','londricka@gmail.com',73,'Terencechester',151,'http://www.vk.com/id416766','http://www.facebook.com/id101608','2013-09-13 22:53:41','2020-04-28 16:29:43'),(75,'Lonnie','Bahringer',2,'2009-02-09','(269)734-7657','mmarks@hotmail.com',188,'East Ardith',135,'http://www.vk.com/id659590','http://www.facebook.com/id718459','2018-03-06 20:46:25','2020-04-28 16:29:43'),(76,'Jeffry','McClure',2,'1997-10-05','+54(6)9246597','wolff.julien@hotmail.com',6,'Stehrhaven',97,'http://www.vk.com/id47556','http://www.facebook.com/id287377','2015-10-24 17:00:21','2020-04-28 16:29:43'),(77,'Santiago','Swaniawski',2,'2010-03-22','05482963544','murphy.yesenia@gmail.com',111,'Baumbachton',195,'http://www.vk.com/id258908','http://www.facebook.com/id281404','2016-04-03 14:12:48','2020-04-28 16:29:43'),(78,'Karson','Christiansen',1,'2004-08-19','(000)715-6464','fbergstrom@yahoo.com',163,'Pagacshire',113,'http://www.vk.com/id151772','http://www.facebook.com/id544793','2019-04-06 19:08:08','2020-04-28 16:29:43'),(79,'Rowena','Welch',2,'2001-01-25','09195330205','wyman.dylan@gmail.com',154,'North Alana',113,'http://www.vk.com/id982037','http://www.facebook.com/id879653','2018-09-19 18:28:11','2020-04-28 16:29:43'),(80,'Arjun','Hintz',1,'1978-06-18','04889012861','vromaguera@hotmail.com',15,'South Lorenzafurt',113,'http://www.vk.com/id454773','http://www.facebook.com/id763788','2015-11-18 23:52:24','2020-04-28 16:29:43'),(81,'Lucienne','Gaylord',2,'1997-01-22','(087)094-0016','qo\'reilly@hotmail.com',105,'South Pinkshire',183,'http://www.vk.com/id327652','http://www.facebook.com/id179883','2016-03-24 09:18:34','2020-04-28 16:29:43'),(82,'Sophie','Wisozk',1,'1997-12-06','(473)032-1353','vbecker@gmail.com',75,'Champlinview',153,'http://www.vk.com/id273844','http://www.facebook.com/id607950','2017-04-27 19:44:23','2020-04-28 16:29:43'),(83,'Edwina','Friesen',2,'2016-11-20','415.890.8988','nyah.schowalter@gmail.com',183,'Fredafort',57,'http://www.vk.com/id386164','http://www.facebook.com/id500005','2017-11-06 07:50:46','2020-04-28 16:29:43'),(84,'Margot','Greenfelder',2,'1987-05-06','073-424-7652x','dickens.domingo@yahoo.com',23,'New Joy',45,'http://www.vk.com/id109188','http://www.facebook.com/id676073','2018-08-10 10:30:16','2020-04-28 16:29:43'),(85,'Malvina','Hermiston',1,'2016-10-24','026.092.3020x','kparker@gmail.com',70,'East Mckenzietown',9,'http://www.vk.com/id387351','http://www.facebook.com/id880252','2015-04-24 05:25:47','2020-04-28 16:29:43'),(86,'Carlee','Kunde',2,'2011-03-27','048-666-3833x','vena.klocko@hotmail.com',183,'South Clarabelleville',129,'http://www.vk.com/id609089','http://www.facebook.com/id372942','2016-05-29 14:34:31','2020-04-28 16:29:43'),(87,'Federico','Harvey',1,'1992-03-25','925-471-9455x','nannie49@hotmail.com',141,'West Alda',91,'http://www.vk.com/id883294','http://www.facebook.com/id223857','2015-06-27 19:19:28','2020-04-28 16:29:43'),(88,'Rosanna','Stroman',2,'1973-12-16','(832)231-5413','pledner@yahoo.com',149,'Andersonside',127,'http://www.vk.com/id589105','http://www.facebook.com/id357','2014-02-23 15:14:36','2020-04-28 16:29:43'),(89,'Roselyn','Moen',1,'2017-05-12','119.148.3860x','linwood18@hotmail.com',2,'New Sofia',169,'http://www.vk.com/id295546','http://www.facebook.com/id330113','2011-01-22 01:28:27','2020-04-28 16:29:43'),(90,'Nasir','Stamm',2,'2004-01-11','1-647-204-256','jessyca92@hotmail.com',127,'Devonteberg',51,'http://www.vk.com/id710311','http://www.facebook.com/id649397','2010-10-17 03:39:34','2020-04-28 16:29:43'),(91,'Gina','Wilkinson',1,'2008-10-25','055.236.0603','naomi22@hotmail.com',193,'Tremblayshire',197,'http://www.vk.com/id664822','http://www.facebook.com/id256547','2014-01-19 10:25:01','2020-04-28 16:29:43'),(92,'Roel','Schulist',2,'2005-12-12','1-567-638-920','garnett57@yahoo.com',29,'Juanitahaven',97,'http://www.vk.com/id193079','http://www.facebook.com/id334444','2013-06-13 03:57:30','2020-04-28 16:29:43'),(93,'Avery','Willms',2,'1990-01-12','550.907.5929','kutch.murl@gmail.com',15,'Kautzermouth',73,'http://www.vk.com/id970827','http://www.facebook.com/id902481','2012-02-01 21:59:29','2020-04-28 16:29:43'),(94,'Marie','Balistreri',2,'1972-03-03','1-114-415-234','dasia.johnson@yahoo.com',134,'Lennaton',87,'http://www.vk.com/id274801','http://www.facebook.com/id508974','2019-09-05 14:17:36','2020-04-28 16:29:43'),(95,'Isabel','Jones',1,'2004-01-13','(003)971-4676','pkessler@hotmail.com',70,'Haagside',45,'http://www.vk.com/id461424','http://www.facebook.com/id837327','2017-08-22 22:32:23','2020-04-28 16:29:43'),(96,'Elissa','Ortiz',2,'1980-11-06','074-337-4779','nader.jerald@hotmail.com',142,'Port Alexzanderland',151,'http://www.vk.com/id482617','http://www.facebook.com/id659618','2016-08-29 05:58:01','2020-04-28 16:29:43'),(97,'Allison','Hirthe',1,'2011-12-02','(369)433-6270','vbosco@gmail.com',30,'Port Kraig',61,'http://www.vk.com/id28714','http://www.facebook.com/id786007','2012-12-28 09:49:51','2020-04-28 16:29:43'),(98,'General','Harber',1,'1989-11-25','484.521.0588','hammes.michaela@hotmail.com',167,'Port Jovani',151,'http://www.vk.com/id695621','http://www.facebook.com/id951083','2012-04-06 10:34:57','2020-04-28 16:29:43'),(99,'Colin','McKenzie',2,'2003-06-28','777-455-1063x','jenifer82@yahoo.com',88,'South Rosannafurt',69,'http://www.vk.com/id391863','http://www.facebook.com/id397296','2013-08-10 05:14:16','2020-04-28 16:29:43'),(100,'Krystel','Gutkowski',1,'1984-08-31','625.993.3538','jena43@gmail.com',33,'Wilhelminemouth',159,'http://www.vk.com/id872352','http://www.facebook.com/id133130','2015-11-17 15:15:31','2020-04-28 16:29:43'),(101,'Raina','Jenkins',2,'1974-12-19','636-933-4304x','ferne.howell@yahoo.com',123,'North Devante',143,'http://www.vk.com/id186074','http://www.facebook.com/id473663','2016-10-26 23:12:52','2020-04-28 16:29:43'),(102,'Janice','Langworth',1,'1999-05-21','05900194036','sfahey@gmail.com',119,'Johnstonport',19,'http://www.vk.com/id313213','http://www.facebook.com/id968826','2010-12-05 11:14:50','2020-04-28 16:29:43'),(103,'Haven','Gulgowski',2,'1995-02-11','(421)723-6476','zieme.rudy@hotmail.com',90,'Hartmannton',9,'http://www.vk.com/id7745','http://www.facebook.com/id423043','2014-02-20 12:27:00','2020-04-28 16:29:43'),(104,'Montana','Emmerich',1,'1992-08-11','1-590-622-271','shea.dooley@hotmail.com',69,'Port Krista',181,'http://www.vk.com/id98984','http://www.facebook.com/id208637','2016-04-18 05:11:27','2020-04-28 16:29:43'),(105,'Karson','O\'Keefe',2,'1994-02-23','135-653-2892x','fgreenholt@yahoo.com',102,'Emmyfurt',187,'http://www.vk.com/id471586','http://www.facebook.com/id773956','2011-11-19 13:13:53','2020-04-28 16:29:43');
/*!40000 ALTER TABLE `users` ENABLE KEYS */;
UNLOCK TABLES;

--
-- Final view structure for view `awards_nominations`
--

/*!50001 DROP VIEW IF EXISTS `awards_nominations`*/;
/*!50001 SET @saved_cs_client          = @@character_set_client */;
/*!50001 SET @saved_cs_results         = @@character_set_results */;
/*!50001 SET @saved_col_connection     = @@collation_connection */;
/*!50001 SET character_set_client      = utf8mb4 */;
/*!50001 SET character_set_results     = utf8mb4 */;
/*!50001 SET collation_connection      = utf8mb4_0900_ai_ci */;
/*!50001 CREATE ALGORITHM=UNDEFINED */
/*!50013 DEFINER=`root`@`localhost` SQL SECURITY DEFINER */
/*!50001 VIEW `awards_nominations` (`awards`,`nominations`,`year`) AS select `a`.`name` AS `name`,`n`.`name` AS `name`,`n`.`year` AS `year` from (`awards` `a` join `nominations` `n` on((`a`.`id` = `n`.`award_id`))) order by `a`.`name`,`n`.`year` */;
/*!50001 SET character_set_client      = @saved_cs_client */;
/*!50001 SET character_set_results     = @saved_cs_results */;
/*!50001 SET collation_connection      = @saved_col_connection */;

--
-- Final view structure for view `movies_actors`
--

/*!50001 DROP VIEW IF EXISTS `movies_actors`*/;
/*!50001 SET @saved_cs_client          = @@character_set_client */;
/*!50001 SET @saved_cs_results         = @@character_set_results */;
/*!50001 SET @saved_col_connection     = @@collation_connection */;
/*!50001 SET character_set_client      = utf8mb4 */;
/*!50001 SET character_set_results     = utf8mb4 */;
/*!50001 SET collation_connection      = utf8mb4_0900_ai_ci */;
/*!50001 CREATE ALGORITHM=UNDEFINED */
/*!50013 DEFINER=`root`@`localhost` SQL SECURITY DEFINER */
/*!50001 VIEW `movies_actors` (`movies`,`actors`) AS select `f`.`name` AS `movie`,concat(`fm`.`firstname`,' ',`fm`.`lastname`) AS `name` from (((`films` `f` join `films_film_makers` `ffm` on((`f`.`id` = `ffm`.`film_id`))) join `film_makers` `fm` on((`ffm`.`film_maker_id` = `fm`.`id`))) join `roles` `r` on((`ffm`.`role_id` = `r`.`id`))) where (`r`.`id` = 7) order by `f`.`name` */;
/*!50001 SET character_set_client      = @saved_cs_client */;
/*!50001 SET character_set_results     = @saved_cs_results */;
/*!50001 SET collation_connection      = @saved_col_connection */;
/*!40103 SET TIME_ZONE=@OLD_TIME_ZONE */;

/*!40101 SET SQL_MODE=@OLD_SQL_MODE */;
/*!40014 SET FOREIGN_KEY_CHECKS=@OLD_FOREIGN_KEY_CHECKS */;
/*!40014 SET UNIQUE_CHECKS=@OLD_UNIQUE_CHECKS */;
/*!40101 SET CHARACTER_SET_CLIENT=@OLD_CHARACTER_SET_CLIENT */;
/*!40101 SET CHARACTER_SET_RESULTS=@OLD_CHARACTER_SET_RESULTS */;
/*!40101 SET COLLATION_CONNECTION=@OLD_COLLATION_CONNECTION */;
/*!40111 SET SQL_NOTES=@OLD_SQL_NOTES */;

-- Dump completed on 2020-05-02 17:25:33
