-- MySQL dump 10.13  Distrib 8.0.19, for Linux (x86_64)
--
-- Host: localhost    Database: vk
-- ------------------------------------------------------
-- Server version	8.0.19

/*!40101 SET @OLD_CHARACTER_SET_CLIENT=@@CHARACTER_SET_CLIENT */;
/*!40101 SET @OLD_CHARACTER_SET_RESULTS=@@CHARACTER_SET_RESULTS */;
/*!40101 SET @OLD_COLLATION_CONNECTION=@@COLLATION_CONNECTION */;
/*!50503 SET NAMES utf8mb4 */;
/*!40103 SET @OLD_TIME_ZONE=@@TIME_ZONE */;
/*!40103 SET TIME_ZONE='+00:00' */;
/*!40014 SET @OLD_UNIQUE_CHECKS=@@UNIQUE_CHECKS, UNIQUE_CHECKS=0 */;
/*!40014 SET @OLD_FOREIGN_KEY_CHECKS=@@FOREIGN_KEY_CHECKS, FOREIGN_KEY_CHECKS=0 */;
/*!40101 SET @OLD_SQL_MODE=@@SQL_MODE, SQL_MODE='NO_AUTO_VALUE_ON_ZERO' */;
/*!40111 SET @OLD_SQL_NOTES=@@SQL_NOTES, SQL_NOTES=0 */;

--
-- Table structure for table `communities`
--

DROP TABLE IF EXISTS `communities`;
/*!40101 SET @saved_cs_client     = @@character_set_client */;
/*!50503 SET character_set_client = utf8mb4 */;
CREATE TABLE `communities` (
  `id` int unsigned NOT NULL AUTO_INCREMENT,
  `name` varchar(150) CHARACTER SET utf8 COLLATE utf8_unicode_ci NOT NULL,
  `created_at` datetime DEFAULT CURRENT_TIMESTAMP,
  PRIMARY KEY (`id`),
  UNIQUE KEY `name` (`name`)
) ENGINE=InnoDB AUTO_INCREMENT=101 DEFAULT CHARSET=utf8 COLLATE=utf8_unicode_ci;
/*!40101 SET character_set_client = @saved_cs_client */;

--
-- Dumping data for table `communities`
--

LOCK TABLES `communities` WRITE;
/*!40000 ALTER TABLE `communities` DISABLE KEYS */;
INSERT INTO `communities` VALUES (1,'nisi','2020-04-01 13:54:28'),(2,'recusandae','2020-04-01 13:54:28'),(3,'et','2020-04-01 13:54:28'),(4,'eveniet','2020-04-01 13:54:28'),(5,'quia','2020-04-01 13:54:28'),(6,'dignissimos','2020-04-01 13:54:28'),(7,'neque','2020-04-01 13:54:28'),(8,'non','2020-04-01 13:54:28'),(9,'dolorum','2020-04-01 13:54:28'),(10,'ea','2020-04-01 13:54:28'),(11,'minima','2020-04-01 13:54:28'),(12,'at','2020-04-01 13:54:28'),(13,'delectus','2020-04-01 13:54:28'),(14,'voluptates','2020-04-01 13:54:28'),(15,'nihil','2020-04-01 13:54:28'),(16,'harum','2020-04-01 13:54:28'),(17,'fugit','2020-04-01 13:54:28'),(18,'voluptas','2020-04-01 13:54:28'),(19,'culpa','2020-04-01 13:54:28'),(20,'sit','2020-04-01 13:54:28');
/*!40000 ALTER TABLE `communities` ENABLE KEYS */;
UNLOCK TABLES;

--
-- Table structure for table `communities_users`
--

DROP TABLE IF EXISTS `communities_users`;
/*!40101 SET @saved_cs_client     = @@character_set_client */;
/*!50503 SET character_set_client = utf8mb4 */;
CREATE TABLE `communities_users` (
  `community_id` int unsigned NOT NULL,
  `user_id` int unsigned NOT NULL,
  PRIMARY KEY (`community_id`,`user_id`)
) ENGINE=InnoDB DEFAULT CHARSET=utf8 COLLATE=utf8_unicode_ci;
/*!40101 SET character_set_client = @saved_cs_client */;

--
-- Dumping data for table `communities_users`
--

LOCK TABLES `communities_users` WRITE;
/*!40000 ALTER TABLE `communities_users` DISABLE KEYS */;
INSERT INTO `communities_users` VALUES (1,2),(1,19),(1,44),(1,52),(1,53),(1,76),(1,80),(1,94),(2,6),(2,56),(2,75),(2,90),(3,9),(3,23),(3,39),(3,47),(3,93),(3,99),(4,21),(4,37),(4,60),(4,62),(4,81),(4,95),(5,18),(5,86),(5,89),(6,32),(6,51),(6,72),(6,91),(7,7),(7,48),(7,54),(7,61),(7,70),(7,71),(7,73),(7,78),(7,96),(8,24),(8,29),(8,31),(8,46),(8,69),(9,8),(9,15),(9,49),(9,79),(10,41),(10,43),(10,74),(10,77),(10,100),(11,25),(11,30),(11,33),(11,34),(11,35),(11,50),(12,36),(12,59),(12,66),(12,97),(13,10),(13,63),(13,85),(13,87),(14,65),(15,5),(15,13),(15,16),(15,27),(15,28),(15,40),(15,55),(15,68),(15,84),(16,22),(16,26),(16,83),(16,98),(17,1),(17,4),(17,12),(17,45),(17,57),(17,67),(17,82),(18,3),(19,58),(19,88),(20,11),(20,14),(20,17),(20,20),(20,38),(20,42),(20,64),(20,92);
/*!40000 ALTER TABLE `communities_users` ENABLE KEYS */;
UNLOCK TABLES;

--
-- Table structure for table `friendship`
--

DROP TABLE IF EXISTS `friendship`;
/*!40101 SET @saved_cs_client     = @@character_set_client */;
/*!50503 SET character_set_client = utf8mb4 */;
CREATE TABLE `friendship` (
  `user_id` int unsigned NOT NULL,
  `friend_id` int unsigned NOT NULL,
  `status_id` int unsigned NOT NULL,
  `requested_at` datetime DEFAULT CURRENT_TIMESTAMP,
  `confirmed_at` datetime DEFAULT NULL,
  PRIMARY KEY (`user_id`,`friend_id`)
) ENGINE=InnoDB DEFAULT CHARSET=utf8 COLLATE=utf8_unicode_ci;
/*!40101 SET character_set_client = @saved_cs_client */;

--
-- Dumping data for table `friendship`
--

LOCK TABLES `friendship` WRITE;
/*!40000 ALTER TABLE `friendship` DISABLE KEYS */;
INSERT INTO `friendship` VALUES (1,89,1,'2011-11-07 19:52:17','2020-04-01 13:32:45'),(5,97,2,'2000-07-27 12:13:03','2000-07-27 15:13:03'),(6,59,1,'2007-03-16 03:14:11','2020-04-01 13:32:45'),(13,76,2,'2015-01-18 20:18:27','2015-01-18 23:18:27'),(14,56,2,'2017-02-20 04:32:05','2017-02-20 07:32:05'),(16,68,2,'2008-03-08 21:46:45','2020-04-01 13:32:45'),(18,75,1,'2013-06-15 10:58:16','2013-06-15 13:58:16'),(21,44,1,'2005-06-20 08:34:18','2005-06-20 11:34:18'),(21,50,2,'2002-01-17 20:37:03','2020-04-01 13:32:45'),(21,51,1,'2013-01-11 06:16:50','2013-01-11 09:16:50'),(22,9,1,'2015-02-20 12:53:58','2015-02-20 15:53:58'),(22,85,3,'2009-01-13 05:23:36','2020-04-01 13:32:45'),(23,51,1,'2007-03-13 17:47:33','2007-03-13 20:47:33'),(24,34,3,'2006-01-04 14:32:33','2020-04-01 13:32:45'),(24,62,1,'2006-08-12 03:46:15','2006-08-12 06:46:15'),(25,20,1,'2004-07-22 04:55:20','2004-07-22 07:55:20'),(25,55,3,'2010-10-30 01:53:52','2020-04-01 13:32:45'),(27,8,2,'2006-11-21 03:54:49','2020-04-01 13:32:45'),(27,15,3,'2012-11-24 17:00:04','2020-04-01 13:32:45'),(27,33,2,'2006-03-08 07:05:55','2020-04-01 13:32:45'),(28,21,3,'2008-08-27 20:59:03','2020-04-01 13:32:45'),(30,33,3,'2013-05-05 01:45:18','2020-04-01 13:32:45'),(30,38,3,'2005-01-19 14:31:07','2020-04-01 13:32:45'),(31,5,1,'2012-11-29 03:08:52','2012-11-29 06:08:52'),(33,55,1,'2016-02-22 00:39:45','2016-02-22 03:39:45'),(35,32,1,'2017-01-30 17:05:13','2017-01-30 20:05:13'),(35,91,2,'2007-08-12 14:04:16','2007-08-12 17:04:16'),(37,17,3,'2005-10-27 05:22:38','2020-04-01 13:32:45'),(37,68,1,'2010-03-21 03:36:39','2020-04-01 13:32:45'),(37,99,1,'2013-07-27 12:49:29','2013-07-27 15:49:29'),(38,15,3,'2017-05-13 11:01:31','2017-05-13 14:01:31'),(40,71,2,'2003-01-11 22:20:29','2020-04-01 13:32:45'),(43,4,2,'2004-01-16 09:35:43','2004-01-16 12:35:43'),(44,50,1,'2008-12-16 03:59:01','2020-04-01 13:32:45'),(48,53,2,'2015-09-07 10:07:39','2020-04-01 13:32:45'),(49,34,3,'2008-01-21 16:54:09','2008-01-21 19:54:09'),(51,82,3,'2018-07-21 07:58:49','2018-07-21 10:58:49'),(53,69,1,'2016-02-02 04:21:23','2016-02-02 07:21:23'),(55,91,1,'2015-09-13 15:31:08','2020-04-01 13:32:45'),(57,19,2,'2009-04-07 20:11:43','2020-04-01 13:32:45'),(57,38,2,'2014-10-27 16:41:58','2014-10-27 19:41:58'),(57,53,3,'2014-09-28 07:47:52','2020-04-01 13:32:45'),(57,61,3,'2012-03-22 06:33:16','2020-04-01 13:32:45'),(58,76,1,'2009-02-08 19:40:34','2009-02-08 22:40:34'),(59,38,2,'2002-04-07 17:32:11','2002-04-07 20:32:11'),(60,53,2,'2008-03-22 11:52:12','2008-03-22 14:52:12'),(60,58,1,'2000-01-07 20:25:04','2020-04-01 13:32:45'),(61,11,2,'2005-02-24 13:49:50','2020-04-01 13:32:45'),(61,61,1,'2007-04-04 16:01:32','2007-04-04 19:01:32'),(62,35,3,'2002-03-23 04:55:12','2020-04-01 13:32:45'),(63,25,3,'2001-11-04 13:14:43','2020-04-01 13:32:45'),(66,92,2,'2014-12-03 21:16:16','2014-12-04 00:16:16'),(67,6,1,'2003-10-12 11:46:29','2020-04-01 13:32:45'),(67,63,1,'2007-12-21 14:14:13','2020-04-01 13:32:45'),(68,48,2,'2015-03-24 18:16:39','2015-03-24 21:16:39'),(68,70,1,'2003-10-23 17:28:11','2020-04-01 13:32:45'),(69,40,1,'2013-01-05 09:27:45','2013-01-05 12:27:45'),(70,14,3,'2008-03-16 14:53:09','2020-04-01 13:32:45'),(70,18,2,'2010-12-02 05:40:28','2020-04-01 13:32:45'),(71,22,1,'2001-10-09 00:39:42','2020-04-01 13:32:45'),(71,59,1,'2010-10-26 14:41:59','2020-04-01 13:32:45'),(72,9,1,'2004-11-19 23:21:52','2004-11-20 02:21:52'),(72,57,3,'2010-12-20 14:42:44','2010-12-20 17:42:44'),(72,96,1,'2016-07-28 17:55:54','2016-07-28 20:55:54'),(73,79,3,'2003-05-09 06:14:26','2003-05-09 09:14:26'),(74,56,1,'2013-02-20 17:53:48','2020-04-01 13:32:45'),(75,73,2,'2006-07-25 03:05:16','2020-04-01 13:32:45'),(75,97,2,'2013-12-21 06:10:40','2020-04-01 13:32:45'),(76,79,1,'2011-03-01 06:15:13','2011-03-01 09:15:13'),(77,1,3,'2013-12-28 18:43:50','2013-12-28 21:43:50'),(77,38,2,'2010-03-07 02:06:11','2020-04-01 13:32:45'),(78,1,3,'2008-01-07 23:19:18','2008-01-08 02:19:18'),(78,37,2,'2006-07-29 14:38:27','2020-04-01 13:32:45'),(78,51,2,'2010-06-28 02:42:45','2020-04-01 13:32:45'),(78,62,1,'2014-11-21 00:41:03','2014-11-21 03:41:03'),(79,71,2,'2001-12-29 01:16:38','2001-12-29 04:16:38'),(80,2,1,'2007-07-03 06:13:47','2020-04-01 13:32:45'),(83,35,2,'2006-05-05 19:33:36','2006-05-05 22:33:36'),(84,62,3,'2008-01-14 22:59:36','2020-04-01 13:32:45'),(84,68,3,'2014-02-08 10:38:07','2014-02-08 13:38:07'),(84,70,1,'2014-07-25 12:37:43','2014-07-25 15:37:43'),(85,17,3,'2014-10-01 07:31:02','2014-10-01 10:31:02'),(85,24,1,'2015-03-13 22:55:54','2015-03-14 01:55:54'),(86,27,3,'2010-07-31 22:33:38','2010-08-01 01:33:38'),(87,31,1,'2013-10-24 09:51:10','2013-10-24 12:51:10'),(89,49,2,'2012-12-07 12:34:57','2020-04-01 13:32:45'),(89,72,1,'2015-06-22 01:34:11','2020-04-01 13:32:45'),(90,32,1,'2005-06-09 04:05:49','2020-04-01 13:32:45'),(90,40,1,'2006-03-21 14:00:07','2020-04-01 13:32:45'),(92,9,2,'2017-04-11 13:24:20','2017-04-11 16:24:20'),(92,55,3,'2004-12-12 15:01:44','2020-04-01 13:32:45'),(93,48,1,'2012-03-25 08:23:23','2020-04-01 13:32:45'),(93,70,1,'2019-01-27 04:55:17','2019-01-27 07:55:17'),(94,11,2,'2015-09-13 02:30:18','2015-09-13 05:30:18'),(95,11,3,'2015-10-12 11:38:42','2020-04-01 13:32:45'),(96,32,3,'2014-04-06 11:47:24','2014-04-06 14:47:24'),(97,74,2,'2015-04-18 19:31:30','2015-04-18 22:31:30'),(98,24,1,'2003-11-26 00:58:34','2020-04-01 13:32:45'),(99,29,1,'2007-05-03 17:36:49','2020-04-01 13:32:45'),(100,94,1,'2007-01-17 08:28:27','2007-01-17 11:28:27');
/*!40000 ALTER TABLE `friendship` ENABLE KEYS */;
UNLOCK TABLES;

--
-- Table structure for table `friendship_statuses`
--

DROP TABLE IF EXISTS `friendship_statuses`;
/*!40101 SET @saved_cs_client     = @@character_set_client */;
/*!50503 SET character_set_client = utf8mb4 */;
CREATE TABLE `friendship_statuses` (
  `id` int unsigned NOT NULL AUTO_INCREMENT,
  `name` varchar(150) CHARACTER SET utf8 COLLATE utf8_unicode_ci NOT NULL,
  PRIMARY KEY (`id`),
  UNIQUE KEY `name` (`name`)
) ENGINE=InnoDB AUTO_INCREMENT=7 DEFAULT CHARSET=utf8 COLLATE=utf8_unicode_ci;
/*!40101 SET character_set_client = @saved_cs_client */;

--
-- Dumping data for table `friendship_statuses`
--

LOCK TABLES `friendship_statuses` WRITE;
/*!40000 ALTER TABLE `friendship_statuses` DISABLE KEYS */;
INSERT INTO `friendship_statuses` VALUES (2,'Confirmed'),(3,'Rejected'),(1,'Requested');
/*!40000 ALTER TABLE `friendship_statuses` ENABLE KEYS */;
UNLOCK TABLES;

--
-- Table structure for table `media`
--

DROP TABLE IF EXISTS `media`;
/*!40101 SET @saved_cs_client     = @@character_set_client */;
/*!50503 SET character_set_client = utf8mb4 */;
CREATE TABLE `media` (
  `id` int unsigned NOT NULL AUTO_INCREMENT,
  `media_type_id` int unsigned NOT NULL,
  `user_id` int unsigned NOT NULL,
  `file_path` varchar(255) CHARACTER SET utf8 COLLATE utf8_unicode_ci NOT NULL,
  `size` int NOT NULL,
  `metadata` json DEFAULT NULL,
  `created_at` datetime DEFAULT CURRENT_TIMESTAMP,
  `updated_at` datetime DEFAULT CURRENT_TIMESTAMP ON UPDATE CURRENT_TIMESTAMP,
  PRIMARY KEY (`id`)
) ENGINE=InnoDB AUTO_INCREMENT=101 DEFAULT CHARSET=utf8 COLLATE=utf8_unicode_ci;
/*!40101 SET character_set_client = @saved_cs_client */;

--
-- Dumping data for table `media`
--

LOCK TABLES `media` WRITE;
/*!40000 ALTER TABLE `media` DISABLE KEYS */;
INSERT INTO `media` VALUES (1,2,24,'https://dropbox/vk/file_3878',802562,'{\"owner\": \"Emma Baumbach\"}','2015-05-08 16:33:16','2020-04-01 13:07:33'),(2,3,88,'https://dropbox/vk/file_7753',185602,'{\"owner\": \"Arvel Mitchell\"}','2013-03-05 13:07:05','2020-04-01 13:07:33'),(3,1,29,'https://dropbox/vk/file_7132',174300,'{\"owner\": \"Dominic Schroeder\"}','2016-03-04 10:57:05','2020-04-01 13:07:33'),(4,3,25,'https://dropbox/vk/file_2402',87700,'{\"owner\": \"Audreanne Graham\"}','2017-08-27 14:04:04','2020-04-01 13:07:33'),(5,3,74,'https://dropbox/vk/file_610',82345005,'{\"owner\": \"Ressie Upton\"}','2017-03-14 03:28:09','2020-04-01 13:07:33'),(6,2,39,'https://dropbox/vk/file_5844',10087819,'{\"owner\": \"Rosalee Metz\"}','2010-07-01 17:16:11','2020-04-01 13:07:33'),(7,3,6,'https://dropbox/vk/file_7390',915361,'{\"owner\": \"Keshawn O\'Reilly\"}','2018-12-03 12:23:05','2020-04-01 13:07:33'),(8,1,49,'https://dropbox/vk/file_9419',25422282,'{\"owner\": \"Alanis Hammes\"}','2018-08-31 04:42:35','2020-04-01 13:07:33'),(9,2,65,'https://dropbox/vk/file_4922',43905,'{\"owner\": \"Lukas Klein\"}','2018-07-09 08:36:34','2020-04-01 13:07:33'),(10,2,69,'https://dropbox/vk/file_6354',963307,'{\"owner\": \"Llewellyn Cronin\"}','2015-08-23 16:00:01','2020-04-01 13:07:33'),(11,2,72,'https://dropbox/vk/file_7002',52383471,'{\"owner\": \"Luz Kerluke\"}','2011-05-31 01:13:49','2020-04-01 13:07:33'),(12,3,100,'https://dropbox/vk/file_5948',463444,'{\"owner\": \"Zane Kshlerin\"}','2017-04-23 13:42:37','2020-04-01 13:07:33'),(13,1,82,'https://dropbox/vk/file_8732',593023,'{\"owner\": \"Amanda Bogisich\"}','2010-11-04 10:06:16','2020-04-01 13:07:33'),(14,2,29,'https://dropbox/vk/file_5819',175505,'{\"owner\": \"Dominic Schroeder\"}','2016-10-16 23:49:23','2020-04-01 13:07:33'),(15,3,8,'https://dropbox/vk/file_2896',863643,'{\"owner\": \"Clementine Bergstrom\"}','2019-07-26 06:04:26','2020-04-01 13:07:33'),(16,2,41,'https://dropbox/vk/file_7023',477192,'{\"owner\": \"Gayle Dare\"}','2013-06-25 21:53:19','2020-04-01 13:07:33'),(17,3,23,'https://dropbox/vk/file_6426',423069,'{\"owner\": \"Mariano Kirlin\"}','2010-08-08 15:54:59','2020-04-01 13:07:33'),(18,3,12,'https://dropbox/vk/file_1061',425780,'{\"owner\": \"Brenden Konopelski\"}','2019-09-21 20:30:56','2020-04-01 13:07:33'),(19,2,16,'https://dropbox/vk/file_6028',578156379,'{\"owner\": \"Melyna Mueller\"}','2011-12-22 08:02:51','2020-04-01 13:07:33'),(20,2,76,'https://dropbox/vk/file_6953',32171,'{\"owner\": \"Anna Schulist\"}','2014-12-18 06:46:20','2020-04-01 13:07:33'),(21,1,46,'https://dropbox/vk/file_6684',23414233,'{\"owner\": \"Erica Schultz\"}','2020-03-21 12:56:19','2020-04-01 13:07:33'),(22,3,12,'https://dropbox/vk/file_2559',21409228,'{\"owner\": \"Brenden Konopelski\"}','2010-09-20 12:29:27','2020-04-01 13:07:33'),(23,3,37,'https://dropbox/vk/file_2743',849446,'{\"owner\": \"Rosendo Borer\"}','2012-05-05 02:32:07','2020-04-01 13:07:33'),(24,1,14,'https://dropbox/vk/file_6037',621080733,'{\"owner\": \"Marion Nienow\"}','2011-01-24 15:34:10','2020-04-01 13:07:33'),(25,2,3,'https://dropbox/vk/file_1958',665774465,'{\"owner\": \"Kiana Prohaska\"}','2014-02-02 21:02:06','2020-04-01 13:07:33'),(26,2,2,'https://dropbox/vk/file_1676',805654,'{\"owner\": \"Demario Morissette\"}','2010-09-17 21:36:58','2020-04-01 13:07:33'),(27,2,87,'https://dropbox/vk/file_2506',872313,'{\"owner\": \"Berniece Medhurst\"}','2014-02-20 20:50:50','2020-04-01 13:07:33'),(28,1,48,'https://dropbox/vk/file_7503',469932,'{\"owner\": \"Lester Crist\"}','2018-02-02 22:38:06','2020-04-01 13:07:33'),(29,3,27,'https://dropbox/vk/file_9995',922701,'{\"owner\": \"Hassie Haag\"}','2019-12-16 19:47:30','2020-04-01 13:07:33'),(30,3,50,'https://dropbox/vk/file_7468',193707,'{\"owner\": \"Korbin Hartmann\"}','2018-01-06 09:06:30','2020-04-01 13:07:33'),(31,1,25,'https://dropbox/vk/file_7352',190436,'{\"owner\": \"Audreanne Graham\"}','2017-07-17 22:46:29','2020-04-01 13:07:33'),(32,1,63,'https://dropbox/vk/file_4357',361056,'{\"owner\": \"Esteban Blanda\"}','2011-04-14 22:02:08','2020-04-01 13:07:33'),(33,2,38,'https://dropbox/vk/file_9727',71355,'{\"owner\": \"Kenyatta Dooley\"}','2013-11-15 09:30:56','2020-04-01 13:07:33'),(34,3,29,'https://dropbox/vk/file_5566',3949499,'{\"owner\": \"Dominic Schroeder\"}','2014-04-11 16:22:02','2020-04-01 13:07:33'),(35,3,18,'https://dropbox/vk/file_8648',223973,'{\"owner\": \"Graham Lynch\"}','2018-11-28 03:06:07','2020-04-01 13:07:33'),(36,3,75,'https://dropbox/vk/file_6540',9674,'{\"owner\": \"Sidney Brakus\"}','2016-03-22 10:59:20','2020-04-01 13:07:33'),(37,2,8,'https://dropbox/vk/file_6756',63040,'{\"owner\": \"Clementine Bergstrom\"}','2013-12-02 01:52:39','2020-04-01 13:07:33'),(38,1,37,'https://dropbox/vk/file_4161',37114723,'{\"owner\": \"Rosendo Borer\"}','2016-12-12 05:39:16','2020-04-01 13:07:33'),(39,2,82,'https://dropbox/vk/file_538',91685931,'{\"owner\": \"Amanda Bogisich\"}','2015-03-05 16:03:34','2020-04-01 13:07:33'),(40,2,69,'https://dropbox/vk/file_203',4531,'{\"owner\": \"Llewellyn Cronin\"}','2014-12-01 03:54:35','2020-04-01 13:07:33'),(41,2,42,'https://dropbox/vk/file_9401',26697,'{\"owner\": \"Jaquelin Langosh\"}','2013-07-10 03:54:44','2020-04-01 13:07:33'),(42,1,18,'https://dropbox/vk/file_6396',528211724,'{\"owner\": \"Graham Lynch\"}','2019-10-12 11:33:27','2020-04-01 13:07:33'),(43,2,58,'https://dropbox/vk/file_3778',2312140,'{\"owner\": \"Sage Leffler\"}','2017-05-30 00:26:37','2020-04-01 13:07:33'),(44,1,71,'https://dropbox/vk/file_9701',451568,'{\"owner\": \"Myrna Swaniawski\"}','2013-05-01 09:36:50','2020-04-01 13:07:33'),(45,3,28,'https://dropbox/vk/file_7171',32135598,'{\"owner\": \"Zoie Ratke\"}','2017-09-26 03:14:56','2020-04-01 13:07:33'),(46,1,56,'https://dropbox/vk/file_6749',167750,'{\"owner\": \"Linnea Schroeder\"}','2017-10-07 01:47:27','2020-04-01 13:07:33'),(47,1,31,'https://dropbox/vk/file_2235',474044,'{\"owner\": \"Damon Corwin\"}','2013-09-19 19:12:21','2020-04-01 13:07:33'),(48,1,62,'https://dropbox/vk/file_924',856972,'{\"owner\": \"Yessenia Streich\"}','2017-07-26 20:07:44','2020-04-01 13:07:33'),(49,3,72,'https://dropbox/vk/file_7916',852730,'{\"owner\": \"Luz Kerluke\"}','2016-03-29 09:05:11','2020-04-01 13:07:33'),(50,3,43,'https://dropbox/vk/file_6808',682735,'{\"owner\": \"Golden Koss\"}','2015-09-23 20:48:43','2020-04-01 13:07:33'),(51,3,58,'https://dropbox/vk/file_292',845482,'{\"owner\": \"Sage Leffler\"}','2019-04-03 17:37:43','2020-04-01 13:07:33'),(52,1,65,'https://dropbox/vk/file_1035',169209,'{\"owner\": \"Lukas Klein\"}','2016-09-16 03:27:10','2020-04-01 13:07:33'),(53,2,42,'https://dropbox/vk/file_4299',9874115,'{\"owner\": \"Jaquelin Langosh\"}','2011-03-06 20:59:25','2020-04-01 13:07:33'),(54,2,77,'https://dropbox/vk/file_8389',1330,'{\"owner\": \"Eda McKenzie\"}','2012-09-22 02:39:46','2020-04-01 13:07:33'),(55,1,43,'https://dropbox/vk/file_9045',179460,'{\"owner\": \"Golden Koss\"}','2013-01-23 16:48:09','2020-04-01 13:07:33'),(56,1,34,'https://dropbox/vk/file_61',299597,'{\"owner\": \"Esteban Lockman\"}','2014-04-12 12:52:37','2020-04-01 13:07:33'),(57,2,68,'https://dropbox/vk/file_3169',3637586,'{\"owner\": \"Brandi Zieme\"}','2019-12-26 05:12:29','2020-04-01 13:07:33'),(58,2,69,'https://dropbox/vk/file_5662',77705854,'{\"owner\": \"Llewellyn Cronin\"}','2014-01-25 19:51:46','2020-04-01 13:07:33'),(59,3,22,'https://dropbox/vk/file_8802',38166390,'{\"owner\": \"Haylie Leannon\"}','2011-12-23 01:01:32','2020-04-01 13:07:33'),(60,1,69,'https://dropbox/vk/file_7022',6779,'{\"owner\": \"Llewellyn Cronin\"}','2014-09-01 23:15:02','2020-04-01 13:07:33'),(61,2,75,'https://dropbox/vk/file_8705',980359,'{\"owner\": \"Sidney Brakus\"}','2015-09-18 18:36:10','2020-04-01 13:07:33'),(62,2,63,'https://dropbox/vk/file_2460',993005,'{\"owner\": \"Esteban Blanda\"}','2010-08-26 22:35:52','2020-04-01 13:07:33'),(63,1,10,'https://dropbox/vk/file_6182',13950,'{\"owner\": \"Isaias Pfeffer\"}','2011-08-31 10:11:15','2020-04-01 13:07:33'),(64,3,57,'https://dropbox/vk/file_3530',80735,'{\"owner\": \"Nathanael Thompson\"}','2018-05-29 23:21:54','2020-04-01 13:07:33'),(65,1,100,'https://dropbox/vk/file_9102',17190,'{\"owner\": \"Zane Kshlerin\"}','2018-12-31 00:22:56','2020-04-01 13:07:33'),(66,2,25,'https://dropbox/vk/file_4920',351825,'{\"owner\": \"Audreanne Graham\"}','2010-08-05 18:25:57','2020-04-01 13:07:33'),(67,2,33,'https://dropbox/vk/file_7295',39921,'{\"owner\": \"Adelle Zemlak\"}','2017-05-05 10:07:49','2020-04-01 13:07:33'),(68,1,62,'https://dropbox/vk/file_1714',506922,'{\"owner\": \"Yessenia Streich\"}','2011-06-25 00:47:06','2020-04-01 13:07:33'),(69,2,51,'https://dropbox/vk/file_6686',5838041,'{\"owner\": \"Anastasia Bartell\"}','2012-06-06 23:09:17','2020-04-01 13:07:33'),(70,2,85,'https://dropbox/vk/file_8286',431915,'{\"owner\": \"Eleanora Bednar\"}','2012-08-06 08:43:56','2020-04-01 13:07:33'),(71,3,15,'https://dropbox/vk/file_1371',7894279,'{\"owner\": \"Rubie Moore\"}','2015-01-20 13:51:14','2020-04-01 13:07:33'),(72,2,89,'https://dropbox/vk/file_1995',99758498,'{\"owner\": \"Marie Huels\"}','2019-05-28 13:13:01','2020-04-01 13:07:33'),(73,3,59,'https://dropbox/vk/file_5863',42222,'{\"owner\": \"Kyler Abshire\"}','2010-05-28 06:27:21','2020-04-01 13:07:33'),(74,1,90,'https://dropbox/vk/file_3330',935729190,'{\"owner\": \"Beatrice Roberts\"}','2016-07-03 12:03:27','2020-04-01 13:07:33'),(75,3,80,'https://dropbox/vk/file_9059',578257,'{\"owner\": \"Ursula Luettgen\"}','2015-01-11 07:05:47','2020-04-01 13:07:33'),(76,1,74,'https://dropbox/vk/file_5304',469135,'{\"owner\": \"Ressie Upton\"}','2011-05-30 11:45:39','2020-04-01 13:07:33'),(77,1,83,'https://dropbox/vk/file_9344',932787,'{\"owner\": \"Rick Gorczany\"}','2010-12-27 04:54:53','2020-04-01 13:07:33'),(78,3,97,'https://dropbox/vk/file_808',814910,'{\"owner\": \"Jaquelin Lockman\"}','2019-02-16 10:35:54','2020-04-01 13:07:33'),(79,1,91,'https://dropbox/vk/file_6006',657147,'{\"owner\": \"Edwardo Homenick\"}','2014-04-04 21:35:19','2020-04-01 13:07:33'),(80,3,27,'https://dropbox/vk/file_7604',831004,'{\"owner\": \"Hassie Haag\"}','2015-03-24 12:57:30','2020-04-01 13:07:33'),(81,3,12,'https://dropbox/vk/file_4',173579,'{\"owner\": \"Brenden Konopelski\"}','2018-05-21 00:28:24','2020-04-01 13:07:33'),(82,1,14,'https://dropbox/vk/file_7208',88251,'{\"owner\": \"Marion Nienow\"}','2012-07-07 17:55:31','2020-04-01 13:07:33'),(83,1,16,'https://dropbox/vk/file_6026',4220,'{\"owner\": \"Melyna Mueller\"}','2010-05-03 19:56:45','2020-04-01 13:07:33'),(84,2,22,'https://dropbox/vk/file_8507',364882,'{\"owner\": \"Haylie Leannon\"}','2011-05-18 17:06:23','2020-04-01 13:07:33'),(85,2,55,'https://dropbox/vk/file_4455',6773,'{\"owner\": \"Willis Moen\"}','2017-05-16 10:55:57','2020-04-01 13:07:33'),(86,2,94,'https://dropbox/vk/file_6755',9124,'{\"owner\": \"Grayce Kris\"}','2012-10-23 17:50:28','2020-04-01 13:07:33'),(87,2,71,'https://dropbox/vk/file_409',29987708,'{\"owner\": \"Myrna Swaniawski\"}','2014-08-18 22:40:45','2020-04-01 13:07:33'),(88,1,72,'https://dropbox/vk/file_1781',293675,'{\"owner\": \"Luz Kerluke\"}','2013-06-17 07:01:50','2020-04-01 13:07:33'),(89,1,41,'https://dropbox/vk/file_7676',954954353,'{\"owner\": \"Gayle Dare\"}','2012-07-10 04:34:07','2020-04-01 13:07:33'),(90,3,49,'https://dropbox/vk/file_3038',6050012,'{\"owner\": \"Alanis Hammes\"}','2016-01-28 04:59:15','2020-04-01 13:07:33'),(91,3,51,'https://dropbox/vk/file_2159',199298180,'{\"owner\": \"Anastasia Bartell\"}','2019-12-29 00:21:39','2020-04-01 13:07:33'),(92,2,30,'https://dropbox/vk/file_1680',363729,'{\"owner\": \"Felipa Daugherty\"}','2011-08-04 20:38:40','2020-04-01 13:07:33'),(93,3,31,'https://dropbox/vk/file_1925',28098,'{\"owner\": \"Damon Corwin\"}','2013-12-16 23:25:24','2020-04-01 13:07:33'),(94,1,1,'https://dropbox/vk/file_4584',8458131,'{\"owner\": \"Kaleb Pollich\"}','2016-12-12 18:42:53','2020-04-01 13:07:33'),(95,1,81,'https://dropbox/vk/file_7145',878241399,'{\"owner\": \"Heber Schaefer\"}','2012-04-24 06:32:21','2020-04-01 13:07:33'),(96,1,74,'https://dropbox/vk/file_1971',891500,'{\"owner\": \"Ressie Upton\"}','2013-06-02 19:25:35','2020-04-01 13:07:33'),(97,2,98,'https://dropbox/vk/file_8419',927622,'{\"owner\": \"Jacquelyn Ratke\"}','2018-02-19 01:51:21','2020-04-01 13:07:33'),(98,1,67,'https://dropbox/vk/file_6182',48642,'{\"owner\": \"Arvilla Pacocha\"}','2012-02-05 22:01:03','2020-04-01 13:07:33'),(99,2,77,'https://dropbox/vk/file_5654',28880401,'{\"owner\": \"Eda McKenzie\"}','2019-08-13 07:28:16','2020-04-01 13:07:33'),(100,3,100,'https://dropbox/vk/file_9721',688920,'{\"owner\": \"Zane Kshlerin\"}','2018-10-15 15:30:08','2020-04-01 13:07:33');
/*!40000 ALTER TABLE `media` ENABLE KEYS */;
UNLOCK TABLES;

--
-- Table structure for table `media_types`
--

DROP TABLE IF EXISTS `media_types`;
/*!40101 SET @saved_cs_client     = @@character_set_client */;
/*!50503 SET character_set_client = utf8mb4 */;
CREATE TABLE `media_types` (
  `id` int unsigned NOT NULL AUTO_INCREMENT,
  `name` varchar(255) CHARACTER SET utf8 COLLATE utf8_unicode_ci NOT NULL,
  PRIMARY KEY (`id`),
  UNIQUE KEY `name` (`name`)
) ENGINE=InnoDB AUTO_INCREMENT=4 DEFAULT CHARSET=utf8 COLLATE=utf8_unicode_ci;
/*!40101 SET character_set_client = @saved_cs_client */;

--
-- Dumping data for table `media_types`
--

LOCK TABLES `media_types` WRITE;
/*!40000 ALTER TABLE `media_types` DISABLE KEYS */;
INSERT INTO `media_types` VALUES (3,'audio'),(1,'image'),(2,'video');
/*!40000 ALTER TABLE `media_types` ENABLE KEYS */;
UNLOCK TABLES;

--
-- Table structure for table `messages`
--

DROP TABLE IF EXISTS `messages`;
/*!40101 SET @saved_cs_client     = @@character_set_client */;
/*!50503 SET character_set_client = utf8mb4 */;
CREATE TABLE `messages` (
  `id` int unsigned NOT NULL AUTO_INCREMENT,
  `from_user_id` int unsigned NOT NULL,
  `to_user_id` int unsigned NOT NULL,
  `body` text CHARACTER SET utf8 COLLATE utf8_unicode_ci NOT NULL,
  `is_important` tinyint(1) DEFAULT NULL,
  `is_delivered` tinyint(1) DEFAULT NULL,
  `created_at` datetime DEFAULT CURRENT_TIMESTAMP,
  PRIMARY KEY (`id`)
) ENGINE=InnoDB AUTO_INCREMENT=101 DEFAULT CHARSET=utf8 COLLATE=utf8_unicode_ci;
/*!40101 SET character_set_client = @saved_cs_client */;

--
-- Dumping data for table `messages`
--

LOCK TABLES `messages` WRITE;
/*!40000 ALTER TABLE `messages` DISABLE KEYS */;
INSERT INTO `messages` VALUES (1,13,26,'Dolores aut in eveniet omnis aspernatur est quam. Ullam dicta nisi molestiae. Sequi eos unde voluptatem aut.',1,0,'2010-03-28 21:31:30'),(2,38,92,'Et cum et ducimus ipsa sit. Cum adipisci iusto ex illum. Excepturi eos sit sed aut quod explicabo corrupti consequatur. Et qui soluta voluptate modi.',1,0,'2011-02-08 08:40:23'),(3,49,32,'Et ea ut voluptate. Debitis tempore suscipit amet est. Eum expedita similique maxime distinctio eos impedit tempora.',1,1,'2018-01-04 19:06:14'),(4,29,19,'Est dolores est voluptatem libero odit est placeat. Nihil consequatur dolorem molestiae neque sunt deleniti. Libero quasi quis voluptatem non.',0,0,'2010-11-03 06:12:05'),(5,100,39,'Unde natus illum quidem rerum dolores. Qui ab voluptate harum et rerum beatae est. Aut odio amet facilis magni a. Ad blanditiis autem molestiae maxime iste dolorum.',0,0,'2012-10-23 10:35:39'),(6,12,97,'Aliquid quas iusto alias. Iusto ex temporibus voluptate occaecati minus modi eos. Eum et suscipit tenetur error velit beatae reprehenderit. Corrupti voluptatem eum soluta velit neque architecto.',0,1,'2010-11-03 16:23:38'),(7,58,24,'Officia voluptatem ducimus eos assumenda vitae tenetur illo. Nihil ipsa labore eos porro. Molestiae voluptatem neque magnam ab. Odit doloribus est ut debitis voluptatibus aut repellendus.',0,1,'2018-01-17 08:53:08'),(8,56,56,'Minima necessitatibus est maiores. Et et qui voluptatibus sunt. Nihil iure quasi quia exercitationem aut sed eum qui.\nVoluptatibus incidunt enim sapiente est. Quaerat iste iusto inventore numquam.',1,1,'2010-12-19 21:20:11'),(9,5,22,'Non omnis minus omnis magni optio sapiente. Expedita porro amet tempora dignissimos architecto. Sed illo dolore voluptates nisi.',1,0,'2017-08-08 16:24:32'),(10,57,70,'Provident qui aut mollitia quia unde illum. Sed optio voluptas quia est molestiae. Enim expedita eum magnam inventore dolor dicta tempore culpa. Vero ad vel molestiae iusto aperiam dolorem fugit.',0,1,'2011-07-20 06:20:52'),(11,69,83,'Aut neque quis est ratione sint sapiente totam. Et reprehenderit exercitationem sit amet suscipit. Est tempora soluta cumque ea at. Culpa quia praesentium error id id at fuga.',0,0,'2012-01-15 13:04:09'),(12,74,41,'Accusamus voluptatum voluptates natus quisquam. Quidem eligendi ut debitis.',1,1,'2015-10-11 22:12:09'),(13,62,18,'Cum praesentium quo quo dolor rerum. Ad quia consequatur deserunt qui sunt ut. Provident quam est sunt quas temporibus. Quis tempora ipsum nostrum quia dolor sed qui.',1,1,'2011-08-31 18:38:59'),(14,88,32,'Temporibus dolores asperiores nihil eos natus vel. Aut alias soluta aut unde et aperiam. Dolorem officiis est rem ipsam.',0,0,'2017-11-07 20:03:34'),(15,55,13,'Quidem ducimus aliquid ut sint ea quis quae. Cupiditate unde sint facere qui aut voluptate. Dicta dolorum et distinctio architecto sit voluptas.',1,0,'2011-12-28 17:07:29'),(16,10,53,'Sunt ut architecto optio. Cumque ea quo recusandae dolorem officiis sed. Minima placeat hic sequi iste quibusdam odit.',1,0,'2010-07-29 08:05:46'),(17,85,83,'Eum atque fuga repellat mollitia ratione ut harum fugiat. Voluptatum saepe eligendi atque magnam. Quos fuga et consequatur magnam.',0,0,'2018-12-25 18:59:19'),(18,94,69,'Sed nostrum sed praesentium illo. Eum rerum qui corrupti non quod. In repudiandae voluptatum illum ex quasi. Tenetur porro quibusdam et architecto possimus suscipit omnis.',1,1,'2017-10-28 20:20:17'),(19,15,94,'Provident ut voluptate possimus ad aut. Labore suscipit ipsa praesentium provident minima similique. Molestiae debitis magni eum provident. Et porro illo dolore quae harum.',1,0,'2013-08-21 05:30:33'),(20,91,23,'Et ipsum veniam ipsa repellat odio sapiente et accusamus. Molestiae non perspiciatis repudiandae minus sunt ex. Ea cum sunt quia enim omnis voluptas. Adipisci enim qui aut esse autem autem.',1,0,'2017-03-09 05:58:19'),(21,12,8,'Illum magnam libero eos voluptas eos amet et. Eum soluta nisi omnis impedit aut possimus minus nam. Rerum maxime labore voluptate quis. Sequi atque aut amet dolor sequi aut.',1,0,'2015-01-13 23:43:38'),(22,85,10,'Quia corporis voluptatibus quia et debitis. Sit quisquam voluptatum dolorum odio voluptas ratione quo. Quibusdam voluptas quaerat voluptatem sed et molestiae voluptas eligendi.',0,0,'2012-12-17 06:21:40'),(23,90,63,'Quae quis pariatur unde ut eaque earum dolorum aliquid. Laboriosam deserunt aut sunt consequatur ut eius. Consequatur inventore praesentium eum corporis culpa est inventore.',1,1,'2012-01-05 07:05:34'),(24,93,63,'Temporibus voluptas nulla rerum nostrum voluptas ratione qui. Nemo modi quia vitae velit totam ab quo. Repellat sunt aspernatur at laboriosam qui accusantium ipsum.',0,1,'2011-01-16 18:50:34'),(25,95,56,'Amet velit id quas commodi corporis veritatis. Tenetur aut ipsam hic laborum provident nisi dolor. In debitis rem ab ducimus.',1,1,'2016-12-06 15:02:09'),(26,95,38,'Vel harum magnam consequatur voluptatem tempora tenetur autem sequi. Pariatur ducimus et harum explicabo perferendis. Non deleniti voluptatum eaque aut corporis ipsa consectetur accusamus.',1,0,'2010-07-04 13:50:32'),(27,89,12,'Qui cumque suscipit praesentium ut reprehenderit quas ipsum consequatur. Sed unde aut sapiente aliquam et magni. Laudantium cum magnam illum dolores autem.',0,0,'2010-10-30 05:10:46'),(28,60,97,'Dolores consequatur officia explicabo qui. In eius reprehenderit non quia in aut sunt. Iste impedit eligendi aut deleniti nemo perspiciatis. Delectus veniam iure officiis voluptatem.',1,0,'2012-01-08 08:45:56'),(29,32,95,'Recusandae ipsam numquam maxime neque dolor nisi. Eos ipsam voluptatum culpa repellat. Similique ad consectetur illo reprehenderit. Perspiciatis repellendus non ipsa in facilis dolor sed.',0,0,'2010-04-26 11:58:33'),(30,82,34,'Aperiam aperiam beatae cum ut enim qui aut. Eos et ut consequuntur sequi aliquam. Omnis laudantium est odit nemo voluptas.',0,1,'2011-01-24 02:47:38'),(31,12,44,'Pariatur impedit eaque odit sequi. Reprehenderit sit assumenda et. Voluptatem saepe deleniti voluptates voluptas in eos quia. Dolores consequatur fugiat quis rerum voluptas amet molestiae nobis.',0,0,'2013-08-20 23:55:12'),(32,13,53,'Reprehenderit vero quisquam magni nihil quidem quis. Voluptates facilis quibusdam minima ea fuga sunt eos nobis. Libero quos minus velit in qui repellendus id dolores.',1,1,'2019-10-14 08:41:49'),(33,30,11,'Quam expedita et rerum cum veritatis quia aut. Quia assumenda non repellendus consequatur officia.',0,0,'2012-05-11 05:27:55'),(34,8,55,'Maxime molestiae enim id ut aliquid rerum sit. Natus repellat nihil ab quo quisquam dolore et magni. Dolor mollitia est provident quis ipsum.',1,1,'2014-06-16 02:13:28'),(35,51,70,'Dolores voluptates et et labore. Incidunt quia saepe beatae rerum porro reprehenderit. Maxime et enim molestias saepe. Id magni vero aut odio.',1,1,'2013-12-12 09:39:54'),(36,30,95,'Quis neque esse sunt aspernatur. Quaerat illo aliquid eum perspiciatis nostrum asperiores consequatur. Voluptatem natus reprehenderit totam ut quas vel dolorem.',1,0,'2020-03-01 11:58:57'),(37,96,58,'Corporis laborum atque ipsa beatae non. Saepe numquam alias ea cupiditate tempore vero. Explicabo numquam corrupti natus eius.',0,1,'2018-12-26 03:40:39'),(38,92,75,'Aut perferendis cumque velit quis. Dolores id deleniti ut repudiandae.',1,0,'2011-09-05 20:33:02'),(39,70,56,'Corporis quidem quia laboriosam. Modi quis et dicta dicta id voluptas. Nulla explicabo ducimus tenetur numquam.',1,1,'2014-07-18 19:09:06'),(40,75,93,'Vitae quaerat iste rerum impedit maiores. Officia officia nesciunt iusto id sunt deserunt qui. Sit et et necessitatibus tempore aut molestiae.',1,1,'2019-05-14 02:50:16'),(41,64,63,'Aut voluptas sit modi est eos. Quos maxime est est itaque ea. Minus ut est et quia veritatis.',0,0,'2020-01-07 07:33:07'),(42,93,44,'Rerum quia consequatur voluptatum libero. Et sunt sunt dolore quisquam dolores. Pariatur sit maiores quia.',0,0,'2018-06-01 03:54:51'),(43,72,96,'Ea ut aperiam aut magnam. Cum a impedit nihil dolorem sed. Adipisci veniam assumenda rem neque tempore rerum ea. Id officiis atque accusamus ea aut distinctio velit voluptatibus.',1,0,'2011-09-09 02:39:24'),(44,80,86,'Totam dolor nisi necessitatibus. Asperiores sed autem facere expedita. Quas praesentium est dolorem et voluptatum.',1,0,'2015-03-17 04:22:40'),(45,84,67,'Occaecati ea laudantium et id et non. Commodi et non cupiditate vero dolore. Dolorum est voluptatum reprehenderit qui laborum.',0,0,'2017-12-08 08:35:17'),(46,79,33,'Labore dolores culpa laboriosam iure quasi ipsum omnis a. Amet aliquam voluptatem qui alias. Vel corporis dolore maxime architecto sapiente repudiandae. Quod voluptatem optio alias non et eius aut.',0,0,'2011-08-15 15:58:37'),(47,44,19,'Quam optio corporis aut in ipsum fuga. Rerum earum magnam dicta non. Tempore sit nihil quo.',0,1,'2013-03-21 06:28:09'),(48,83,59,'Voluptatum architecto saepe illo. Tempora dolorum quaerat et ad consequatur est vero. Quia labore in quasi et officia laborum iure.',1,0,'2012-04-09 14:15:04'),(49,81,67,'Tempora saepe dolor numquam laboriosam sequi sequi illum. Nihil iusto accusantium perferendis. Ducimus possimus veniam impedit.',1,0,'2011-03-08 01:40:33'),(50,57,21,'Ea natus molestias voluptatem dolores aspernatur. Nobis repudiandae sit odio illum qui animi. Autem in minima omnis.',1,1,'2019-12-24 01:30:38'),(51,43,93,'Dolores quidem perspiciatis sequi sunt et est id sit. Ex ut ut quidem cupiditate. Perspiciatis odit veniam ut soluta soluta qui. Sed ipsam dignissimos error velit pariatur ut.',1,0,'2019-03-01 02:17:21'),(52,40,5,'Quo distinctio placeat ut velit. Possimus rem aliquid dolorem porro cupiditate qui.',0,0,'2019-07-06 10:24:31'),(53,72,19,'Fuga et enim voluptatem eum aspernatur labore mollitia. Aut consectetur qui beatae est possimus.',0,1,'2019-08-07 16:40:53'),(54,39,17,'Adipisci corporis nihil quas qui facere. Voluptate ipsum corporis libero ipsum fugit alias. Et cum necessitatibus iste iure. Et aut cupiditate voluptas qui nisi illo.',0,0,'2010-07-11 11:43:24'),(55,79,36,'Velit aut ut quia cupiditate. Laudantium modi voluptatem ea nostrum adipisci ab omnis. Non rerum error velit officia.',0,0,'2020-02-01 13:21:50'),(56,77,49,'Qui est natus sit rerum occaecati. Praesentium est eos modi quod et ea voluptatem. Deleniti voluptas pariatur doloremque aut quia. At debitis nihil voluptatibus repellendus autem quod error eveniet.',1,0,'2010-12-31 16:17:26'),(57,46,86,'Tempore ea cumque ea nihil illo. Et ipsum quaerat culpa at. Quo ratione dolorem dolore. Architecto earum repellat excepturi possimus nihil.',0,1,'2010-05-05 04:11:58'),(58,99,3,'Facilis fuga hic pariatur itaque quasi assumenda. Fugiat nobis vel ut voluptatibus. Reiciendis sit aliquam in dolores ea alias.',1,1,'2019-01-24 16:05:26'),(59,55,13,'Quia id maxime voluptates et repudiandae consequuntur. Exercitationem placeat ex dolor. Et ipsam rerum hic autem dolorum.',0,1,'2010-07-31 10:33:18'),(60,81,66,'Consectetur consequatur quia autem totam et animi explicabo tempore. Assumenda sed laboriosam quia dolorem repudiandae amet ad. Ut autem magnam quibusdam asperiores. Ex optio non quam omnis.',1,1,'2014-05-12 11:08:28'),(61,37,33,'Officiis magnam quos laboriosam qui dolores. Accusamus dicta ullam laudantium dolorem aperiam a. Odio incidunt minus non ipsa quasi libero. In dolorem nihil id nam nesciunt.',1,0,'2015-01-01 10:52:00'),(62,41,23,'Sit amet consequatur ipsa magni harum aspernatur voluptas. Natus sed omnis omnis reiciendis ipsa. Sed non et alias voluptate expedita quam aut.',0,0,'2016-12-05 08:21:33'),(63,95,38,'Tenetur minus praesentium quia quia eos asperiores rerum. Ipsa at aspernatur est. Optio non sit quo tempora ex debitis quas. Inventore omnis et possimus perferendis incidunt.',1,0,'2014-01-03 15:21:38'),(64,50,75,'Quidem ea praesentium omnis iste. Repellendus cum autem quia fuga debitis ipsa facilis. Iste quis temporibus voluptatem et.',1,1,'2012-06-11 23:58:11'),(65,64,44,'Facilis itaque ut vitae et. Fugiat quia qui id omnis voluptates. Reprehenderit modi perferendis nemo ipsa placeat eaque. Omnis impedit aspernatur voluptatem id.',1,0,'2014-09-10 11:05:02'),(66,72,57,'Est in nesciunt sunt aspernatur est itaque. Amet laborum laudantium doloremque quae. Placeat inventore saepe nulla asperiores sunt repellendus similique. Magni dicta eveniet dolor optio placeat.',1,1,'2014-05-29 04:22:09'),(67,68,81,'Laborum eos sit quidem dolores quia. Doloribus quo ut non. Voluptatem id fugiat illum harum sed nisi et. Ea amet similique est autem corporis voluptatum.',0,0,'2017-05-25 15:26:10'),(68,24,26,'Quidem veritatis similique ea. Occaecati quis veritatis officia distinctio. Cupiditate iste ut dolore quibusdam et sint.',1,0,'2011-03-07 01:22:21'),(69,15,81,'Autem saepe in possimus doloribus at et. Sequi doloribus inventore ratione minus nostrum consequuntur magnam. Porro sed praesentium maxime nesciunt architecto.',1,1,'2018-07-14 11:42:13'),(70,2,36,'Et est odio id et. Accusantium sequi excepturi excepturi.',1,0,'2013-02-13 13:33:50'),(71,66,68,'Sequi error ut voluptatum necessitatibus tempore consequatur harum. Reprehenderit nam aperiam ut. Ex doloribus fugiat quis iste sed. Nostrum ut aut explicabo veniam velit et.',1,1,'2012-01-19 06:15:21'),(72,22,56,'Impedit et excepturi odit aut. Dicta aut vel qui sint. Mollitia qui occaecati nostrum excepturi ut. Dignissimos suscipit quos quae.',1,0,'2010-07-22 06:41:49'),(73,11,92,'Culpa ex provident molestiae. Necessitatibus molestias fugiat rem alias harum autem voluptates. Sit laboriosam et voluptate iure. Non libero modi possimus aut non.',0,0,'2015-02-10 07:09:02'),(74,88,3,'Maiores debitis maiores similique esse sunt. Soluta nisi doloribus soluta dolore doloribus sint et. Alias eos tempore deleniti. Autem ad sit dolore illo dolorem esse.',1,1,'2011-04-04 22:21:53'),(75,8,46,'Nesciunt sed veniam quia. Consequatur impedit voluptas cupiditate veritatis qui est. Minima eos nihil ut non.',0,0,'2017-07-27 04:38:54'),(76,73,54,'Illo adipisci ducimus magnam blanditiis molestiae quos. Corporis rerum alias ipsam neque. Ut sint commodi consequuntur harum et similique voluptatem.',1,1,'2011-02-21 18:58:02'),(77,41,84,'Eos doloribus deserunt ut impedit fugit et est. Dolorum hic illo similique et perspiciatis aut. Officia est deserunt qui in. Perspiciatis blanditiis ex nemo eum.',1,1,'2017-11-15 03:56:20'),(78,88,93,'Praesentium nihil soluta totam ea eaque eligendi. Et voluptatum earum rerum repudiandae facilis nulla nostrum. Adipisci veritatis et et architecto. Corrupti nihil unde et officia et accusantium.',1,0,'2018-08-09 16:54:59'),(79,13,62,'Velit et velit quod et adipisci dolor minus. Sint consectetur minus quos amet ipsam velit. Doloremque architecto illo aut quisquam iure error laborum non.',0,0,'2012-05-23 20:11:24'),(80,3,90,'Corporis sed aperiam aut voluptatibus tempore quia. Molestias et id earum possimus explicabo nisi maiores. Omnis occaecati debitis aut accusantium.',1,1,'2013-12-12 06:54:29'),(81,75,33,'Eum voluptatum rem dolores quisquam. Mollitia qui et eos qui unde dolorem ut. Omnis nulla quia amet vitae. Nisi odio eos a.',1,1,'2017-05-25 13:15:04'),(82,65,72,'Dolorum inventore molestiae nostrum accusamus. Quis beatae itaque laudantium veritatis facere quis ipsum nam. Rerum doloremque nobis tempore voluptatum minima et.',0,0,'2012-08-18 23:15:02'),(83,100,95,'Cum molestiae non voluptate qui ut. Quia id ad quam voluptates molestiae tenetur. Est ut sequi quam quis ullam. Nulla quidem et fuga est aut illo dolorem.',0,0,'2011-03-28 08:05:13'),(84,3,26,'Earum et ipsam voluptatem enim quisquam dolorem doloremque. Libero harum ad eos ducimus est dolor ullam. Molestias nihil ut aut delectus qui sint laudantium autem.',0,0,'2010-04-14 16:10:09'),(85,17,44,'Et ut corrupti ipsum blanditiis repellat. Sunt et qui amet ratione veritatis nobis eum possimus. Est et qui suscipit ut laborum nostrum non. Id sint voluptatem optio magni ea minus.',1,0,'2020-03-16 14:32:34'),(86,73,38,'Sed voluptatem atque dolorem enim perferendis. Ut enim qui deleniti distinctio. Qui aut quo delectus distinctio est deleniti quam. Velit quia a in impedit saepe modi vel.',0,1,'2017-08-26 19:07:16'),(87,16,10,'Omnis debitis excepturi omnis ratione ut omnis sunt. Laboriosam dolorum ut aut qui sapiente quis esse tempore.',1,1,'2017-08-08 22:06:30'),(88,59,41,'Deserunt perferendis itaque blanditiis sit. Atque id aut sunt dolorum id vel iure. Nulla earum sequi iusto rerum ratione deleniti.',0,1,'2011-02-25 15:11:47'),(89,49,12,'Inventore ea delectus consequatur omnis enim. Labore quibusdam sunt similique mollitia. At numquam reiciendis voluptates omnis alias ducimus necessitatibus sint.',0,1,'2014-09-27 01:15:05'),(90,65,87,'Quaerat cum at voluptate quae nostrum. Dolorem perferendis est et. Qui necessitatibus sit aliquid voluptates.',0,0,'2016-01-22 21:29:12'),(91,78,35,'Est in autem voluptas perferendis fugit molestias. Earum ut voluptatum voluptates a sunt. Aut magni quia sit esse incidunt numquam.',0,1,'2019-07-05 05:59:22'),(92,97,23,'Ipsum culpa sunt voluptatem necessitatibus quo ut. Itaque aut aliquam dolorem sunt quas. Rerum illum at aut quis distinctio ut rem.',0,1,'2014-07-05 08:37:23'),(93,47,75,'Sapiente provident et quia aut consequuntur est. Odit quis debitis sed et porro sit quia excepturi. Sed a nisi delectus.',0,1,'2016-03-21 14:25:18'),(94,44,26,'Sed eius veniam modi harum temporibus debitis porro. Aspernatur rerum voluptas aperiam voluptatem libero et.',1,0,'2017-05-25 04:19:17'),(95,79,32,'Excepturi pariatur quod delectus. Dolorem dolor suscipit sed a autem vero facilis. Sunt atque in aperiam. Fugiat consequatur aut sit quas sit. Quod sit qui omnis accusamus quod non tempore.',1,0,'2019-11-21 08:08:57'),(96,62,40,'Voluptatem ut nam illo quos quia. Voluptas esse et perspiciatis illo. Ad laboriosam occaecati ut autem quod omnis.\nPorro et voluptatem quod. Est perferendis nesciunt eaque minus rem.',1,1,'2016-09-29 09:06:32'),(97,73,84,'Sint veniam voluptatibus aperiam et debitis placeat illum. Qui officiis in nesciunt velit aut ratione. Et voluptatem et et et tempora.',0,1,'2013-03-27 01:00:06'),(98,78,82,'Ex facilis officia modi incidunt et officia nostrum. Sit beatae hic nam repellendus sapiente. Rerum est dolor doloremque explicabo voluptatem fugit.',1,0,'2013-08-20 21:43:55'),(99,70,91,'Delectus dicta recusandae provident dolorem. Eos enim et quo. Repudiandae saepe quo debitis incidunt natus eligendi.',0,0,'2017-04-03 00:51:59'),(100,15,45,'Iure a perferendis quo voluptatem dolorem qui. Voluptatem aut vitae aut corporis. Suscipit autem perspiciatis aut consequatur. Qui quam enim ab sint vel molestiae voluptatem et.',1,1,'2016-04-19 10:45:51');
/*!40000 ALTER TABLE `messages` ENABLE KEYS */;
UNLOCK TABLES;

--
-- Table structure for table `profiles`
--

DROP TABLE IF EXISTS `profiles`;
/*!40101 SET @saved_cs_client     = @@character_set_client */;
/*!50503 SET character_set_client = utf8mb4 */;
CREATE TABLE `profiles` (
  `user_id` int unsigned NOT NULL,
  `gender` char(1) CHARACTER SET utf8 COLLATE utf8_unicode_ci NOT NULL,
  `birthday` date DEFAULT NULL,
  `city` varchar(100) CHARACTER SET utf8 COLLATE utf8_unicode_ci DEFAULT NULL,
  `country` varchar(100) CHARACTER SET utf8 COLLATE utf8_unicode_ci DEFAULT NULL,
  `photo_id` int unsigned NOT NULL,
  `created_at` datetime DEFAULT CURRENT_TIMESTAMP,
  `updated_at` datetime DEFAULT CURRENT_TIMESTAMP ON UPDATE CURRENT_TIMESTAMP,
  PRIMARY KEY (`user_id`)
) ENGINE=InnoDB DEFAULT CHARSET=utf8 COLLATE=utf8_unicode_ci;
/*!40101 SET character_set_client = @saved_cs_client */;

--
-- Dumping data for table `profiles`
--

LOCK TABLES `profiles` WRITE;
/*!40000 ALTER TABLE `profiles` DISABLE KEYS */;
INSERT INTO `profiles` VALUES (1,'f','2000-09-02','North Ole','Germany',18,'2014-11-04 01:36:15','2020-04-01 12:53:03'),(2,'f','2001-12-12','North Desmond','Gabon',80,'2011-05-21 11:24:25','2020-04-01 12:53:03'),(3,'m','2000-09-18','Schaeferville','Saint Lucia',11,'2018-06-27 02:35:42','2020-04-01 12:53:03'),(4,'f','1980-10-29','North Priscillafurt','Italy',9,'2018-05-26 01:56:22','2019-12-11 17:26:46'),(5,'m','2009-06-22','Madelynnland','Benin',1,'2013-05-24 15:59:43','2016-06-13 22:34:03'),(6,'f','2003-02-20','Lake Cecilia','Japan',43,'2010-07-11 04:06:29','2020-03-18 07:03:53'),(7,'f','2003-05-09','Parkerborough','Bouvet Island (Bouvetoya)',33,'2016-06-29 01:40:37','2020-04-01 12:53:03'),(8,'m','2006-07-14','Metzchester','Mozambique',37,'2015-09-19 23:45:55','2020-04-01 12:53:03'),(9,'m','1973-07-22','Arliemouth','Guernsey',10,'2015-03-05 20:42:00','2017-03-19 15:35:11'),(10,'m','2005-07-27','Steuberville','Saint Pierre and Miquelon',27,'2012-08-24 13:54:22','2020-04-01 12:53:03'),(11,'m','1988-09-02','New Jordyland','Turkey',28,'2016-05-18 11:28:56','2018-05-22 15:07:41'),(12,'m','2014-01-02','Lake Bonnie','Lesotho',51,'2012-04-10 02:42:11','2014-12-12 22:08:19'),(13,'m','2006-05-24','South Quentin','Bouvet Island (Bouvetoya)',16,'2012-12-03 08:28:07','2018-07-14 21:48:06'),(14,'m','1999-05-22','North Serenaport','Mali',26,'2018-05-23 16:58:23','2020-04-01 12:53:03'),(15,'m','2005-01-09','Candidaside','Sierra Leone',66,'2014-08-09 14:41:21','2016-01-25 21:48:17'),(16,'m','2001-10-20','North Sierrafort','China',36,'2015-05-17 11:39:23','2020-04-01 12:53:03'),(17,'f','1971-12-25','Leoraside','Croatia',57,'2010-10-08 15:42:59','2012-01-04 02:11:27'),(18,'f','1977-06-08','South Eusebiohaven','Australia',26,'2019-03-24 07:29:31','2020-04-01 12:53:03'),(19,'f','1988-07-22','West Albertaside','Ukraine',97,'2016-04-04 21:42:15','2019-02-01 03:01:16'),(20,'f','2009-09-30','East Norris','Ghana',84,'2017-05-15 18:30:22','2018-01-20 22:20:42'),(21,'m','1989-07-29','Lake Kendall','Denmark',53,'2012-03-14 20:35:46','2012-10-11 11:09:43'),(22,'m','2017-05-30','Port Lazaromouth','Armenia',98,'2012-10-08 23:45:35','2012-11-07 17:39:02'),(23,'m','2016-12-30','Marinaburgh','Argentina',79,'2018-05-03 13:14:21','2020-04-01 12:53:03'),(24,'m','2010-10-26','Lake Luigi','Uruguay',4,'2017-10-04 13:41:04','2019-11-03 10:47:43'),(25,'f','1991-08-09','Kathrynemouth','Macedonia',71,'2017-04-29 05:35:23','2020-04-01 12:53:03'),(26,'f','2016-02-01','West Vernie','Guyana',56,'2011-01-12 11:05:28','2016-05-12 16:40:04'),(27,'m','2015-06-22','Port Kaela','Egypt',66,'2010-09-29 18:37:39','2019-05-31 16:20:56'),(28,'f','1986-01-31','Dickibury','Svalbard & Jan Mayen Islands',36,'2018-01-26 22:08:33','2020-04-01 12:53:03'),(29,'m','1978-12-29','South Doris','Kuwait',73,'2019-09-15 02:51:47','2020-04-01 12:53:03'),(30,'f','1982-08-24','Lueilwitzfort','Indonesia',29,'2013-11-14 22:43:26','2020-04-01 12:53:03'),(31,'m','1986-05-05','Cronaport','Tunisia',91,'2017-05-04 19:13:28','2020-04-01 12:53:03'),(32,'f','1983-10-23','Port Friedrichstad','Czech Republic',74,'2018-11-04 11:09:08','2020-04-01 12:53:03'),(33,'f','1974-08-05','North Jed','Madagascar',67,'2013-01-11 09:42:03','2014-12-17 04:14:55'),(34,'f','2002-01-06','North Vickiebury','Fiji',31,'2013-02-18 00:52:30','2020-04-01 12:53:03'),(35,'f','1971-04-15','Klinghaven','Falkland Islands (Malvinas)',38,'2016-05-02 02:21:00','2020-04-01 12:53:03'),(36,'m','2017-08-02','Port Shania','Tajikistan',28,'2015-08-27 02:29:03','2020-04-01 12:53:03'),(37,'m','1995-06-05','Omerberg','Greenland',5,'2019-04-16 23:01:29','2020-04-01 12:53:03'),(38,'m','2010-02-03','Pfannerstillfurt','Singapore',48,'2012-12-19 15:55:26','2019-11-28 17:31:06'),(39,'m','2006-10-18','East Jaquan','Tokelau',7,'2015-10-31 15:22:07','2019-06-23 17:53:19'),(40,'m','1975-12-09','Orlomouth','Tuvalu',61,'2018-05-16 00:10:00','2019-04-26 15:30:35'),(41,'f','1982-01-02','West Keonbury','Hungary',18,'2019-08-25 02:25:49','2019-10-12 06:33:18'),(42,'m','1983-04-11','Smithstad','Swaziland',57,'2013-11-20 03:06:36','2020-04-01 12:53:03'),(43,'f','2006-07-27','Lake Samaramouth','British Virgin Islands',1,'2017-10-11 13:01:15','2019-04-21 06:56:20'),(44,'f','2013-10-11','Stokesbury','Tajikistan',22,'2016-06-24 03:15:02','2020-04-01 12:53:03'),(45,'f','2010-07-22','Spinkaburgh','Cook Islands',89,'2018-10-14 03:24:49','2020-04-01 12:53:03'),(46,'f','1979-03-15','West Caitlyn','Bahamas',39,'2017-05-17 21:07:56','2019-02-22 11:47:04'),(47,'m','1995-02-26','North Hulda','Macao',66,'2018-12-16 22:13:50','2020-04-01 12:53:03'),(48,'f','1999-05-16','Ebertshire','Hungary',83,'2018-12-05 15:35:03','2020-04-01 12:53:03'),(49,'f','1977-05-28','Port Orrinhaven','Guyana',34,'2010-05-31 15:48:08','2012-02-10 20:44:28'),(50,'m','1993-03-07','Dinoton','Niger',100,'2015-01-06 15:22:21','2016-01-02 16:41:54'),(51,'f','2017-07-19','New Amelia','Saint Vincent and the Grenadines',68,'2017-08-31 22:44:27','2017-11-17 21:58:44'),(52,'f','1989-05-07','New Cydney','Singapore',10,'2010-04-29 08:36:44','2019-11-08 16:02:01'),(53,'m','2002-02-03','Laviniastad','Tunisia',78,'2012-10-27 05:34:54','2017-01-14 00:07:54'),(54,'f','1984-11-09','Port Amaya','Sierra Leone',72,'2011-04-26 22:59:22','2012-09-26 19:50:31'),(55,'m','1980-10-23','Lake Jaymefurt','Brazil',54,'2016-09-02 20:15:13','2017-08-17 02:55:16'),(56,'f','1989-03-12','South Eldridgeside','Ghana',20,'2010-10-17 04:58:52','2016-03-24 16:36:10'),(57,'f','1990-11-19','North Lora','Zimbabwe',33,'2012-09-29 01:53:50','2017-12-26 12:28:48'),(58,'m','2000-08-19','Thielhaven','Dominican Republic',69,'2017-02-23 07:10:09','2020-04-01 12:53:03'),(59,'m','2007-06-24','Windlerfort','Cape Verde',96,'2010-11-12 16:22:39','2013-02-14 12:50:06'),(60,'f','2015-02-19','West Angeline','Georgia',96,'2016-12-26 07:44:27','2018-04-15 13:29:25'),(61,'f','2015-10-09','Collinsville','Singapore',44,'2011-07-07 21:03:39','2015-03-21 11:39:54'),(62,'f','1980-10-08','West Mariela','Sierra Leone',52,'2015-05-13 12:35:00','2020-04-01 12:53:03'),(63,'m','2001-06-19','New Janae','Guatemala',31,'2015-08-13 16:05:42','2018-04-27 23:43:31'),(64,'m','1997-03-05','East Bria','Norway',80,'2018-11-06 23:58:51','2020-04-01 12:53:03'),(65,'f','2011-03-30','Goyettemouth','Croatia',37,'2015-07-28 23:47:03','2020-04-01 12:53:03'),(66,'m','1985-09-25','East Miltonside','Canada',93,'2017-04-13 01:05:11','2020-04-01 12:53:03'),(67,'f','1990-04-27','Port Melisaland','Lesotho',74,'2010-11-28 20:59:33','2017-03-25 13:02:02'),(68,'f','1972-08-02','Port Raphaelleborough','Montserrat',8,'2019-05-06 18:07:59','2020-04-01 12:53:03'),(69,'f','1991-01-24','North Jeanview','Tonga',83,'2010-08-30 04:03:29','2020-04-01 12:53:03'),(70,'f','1997-02-03','West Raquelburgh','Chile',70,'2014-08-18 04:33:22','2020-04-01 12:53:03'),(71,'m','1970-10-20','Port Patricia','Uzbekistan',50,'2017-04-14 00:58:40','2019-02-02 08:25:43'),(72,'f','2012-10-18','Jaskolskiside','Sao Tome and Principe',66,'2014-12-22 12:09:49','2017-04-18 17:20:50'),(73,'m','1970-05-09','Faustinoshire','South Georgia and the South Sandwich Islands',42,'2010-10-21 03:26:14','2016-04-10 06:51:49'),(74,'f','1982-10-06','North Elmo','Guadeloupe',8,'2011-09-09 03:00:54','2015-02-08 19:14:21'),(75,'m','1991-07-13','West Brennon','Canada',81,'2012-06-29 13:42:24','2019-04-24 15:47:58'),(76,'f','1989-02-23','North D\'angelo','Guyana',55,'2015-09-17 22:20:46','2016-11-18 11:32:23'),(77,'m','2012-09-13','New Dasia','Kuwait',6,'2011-12-30 09:49:19','2019-11-02 03:53:37'),(78,'m','1975-02-04','Judyhaven','Sao Tome and Principe',47,'2017-08-22 20:31:51','2019-11-25 13:17:33'),(79,'f','1976-09-27','West Shadfort','French Guiana',85,'2020-01-21 15:24:32','2020-04-01 12:53:03'),(80,'f','1994-10-03','Port Eliezer','Malaysia',52,'2019-11-10 06:16:40','2020-04-01 12:53:03'),(81,'f','1995-01-28','Lake Ashleyfort','Gambia',68,'2018-01-11 17:15:07','2019-03-14 19:56:22'),(82,'m','2019-02-11','South Enrique','Israel',44,'2020-03-23 00:39:06','2020-04-01 12:53:03'),(83,'f','1985-04-15','North Vita','Solomon Islands',66,'2016-03-12 09:40:29','2018-03-27 10:36:40'),(84,'f','1970-08-18','Moenberg','Korea',9,'2018-11-20 09:02:54','2020-04-01 12:53:03'),(85,'m','1970-11-09','Holdenland','Finland',51,'2017-05-04 07:21:33','2020-04-01 12:53:03'),(86,'m','2002-02-16','East Davionchester','Suriname',87,'2019-08-01 04:55:43','2020-04-01 12:53:03'),(87,'m','1997-11-06','Moorefurt','Spain',29,'2018-09-09 03:20:14','2020-04-01 12:53:03'),(88,'m','1975-12-28','Armstrongbury','Macao',12,'2015-10-02 02:23:10','2017-02-11 22:13:57'),(89,'m','2016-09-22','Port Ervin','Georgia',31,'2013-11-24 14:30:25','2020-04-01 12:53:03'),(90,'m','2012-04-04','New Janyport','Belarus',36,'2011-06-28 11:31:03','2017-05-25 01:39:39'),(91,'m','2014-05-12','Greenville','Senegal',77,'2017-10-06 13:42:42','2018-12-14 22:48:41'),(92,'f','2009-12-03','Brekkeburgh','United Kingdom',35,'2018-08-06 20:43:41','2019-02-13 21:14:17'),(93,'m','2006-09-14','Thaddeusstad','Isle of Man',88,'2015-04-16 07:48:17','2015-08-06 07:11:28'),(94,'m','1970-12-12','Jaydeville','New Zealand',98,'2015-05-18 16:32:34','2019-06-27 12:26:17'),(95,'f','1976-03-18','Predovicfurt','American Samoa',38,'2018-06-20 17:01:50','2020-04-01 12:53:03'),(96,'f','1981-06-27','Shannaside','Saudi Arabia',55,'2012-06-18 09:33:49','2020-04-01 12:53:03'),(97,'f','2013-09-04','Leuschkeland','Burkina Faso',86,'2014-07-21 06:05:28','2020-04-01 12:53:03'),(98,'f','2007-03-19','East Kevintown','Poland',28,'2015-08-20 08:17:30','2016-08-24 08:12:22'),(99,'f','1998-07-10','New Ramiroshire','Sao Tome and Principe',36,'2013-11-18 00:09:15','2014-12-28 11:47:06'),(100,'m','2000-05-30','Gislasonhaven','United States of America',50,'2019-07-25 07:11:29','2020-04-01 12:53:03');
/*!40000 ALTER TABLE `profiles` ENABLE KEYS */;
UNLOCK TABLES;

--
-- Table structure for table `users`
--

DROP TABLE IF EXISTS `users`;
/*!40101 SET @saved_cs_client     = @@character_set_client */;
/*!50503 SET character_set_client = utf8mb4 */;
CREATE TABLE `users` (
  `id` int unsigned NOT NULL AUTO_INCREMENT,
  `first_name` varchar(100) CHARACTER SET utf8 COLLATE utf8_unicode_ci NOT NULL,
  `last_name` varchar(100) CHARACTER SET utf8 COLLATE utf8_unicode_ci NOT NULL,
  `email` varchar(120) CHARACTER SET utf8 COLLATE utf8_unicode_ci NOT NULL,
  `phone` varchar(12) COLLATE utf8_unicode_ci NOT NULL,
  `created_at` datetime DEFAULT CURRENT_TIMESTAMP,
  `updated_at` datetime DEFAULT CURRENT_TIMESTAMP ON UPDATE CURRENT_TIMESTAMP,
  PRIMARY KEY (`id`),
  UNIQUE KEY `email` (`email`),
  UNIQUE KEY `phone` (`phone`),
  UNIQUE KEY `phone_2` (`phone`),
  UNIQUE KEY `phone_3` (`phone`)
) ENGINE=InnoDB AUTO_INCREMENT=101 DEFAULT CHARSET=utf8 COLLATE=utf8_unicode_ci;
/*!40101 SET character_set_client = @saved_cs_client */;

--
-- Dumping data for table `users`
--

LOCK TABLES `users` WRITE;
/*!40000 ALTER TABLE `users` DISABLE KEYS */;
INSERT INTO `users` VALUES (1,'Kaleb','Pollich','marquardt.jamison@example.net','(323)893-299','2010-06-08 00:13:55','2020-04-01 12:41:39'),(2,'Demario','Morissette','ceasar47@example.com','939-909-0300','2018-12-27 15:23:22','2020-04-01 12:42:54'),(3,'Kiana','Prohaska','rossie.welch@example.org','+26(7)757634','2010-09-11 14:11:45','2020-04-01 12:41:39'),(4,'Lauryn','Simonis','lindsay.blick@example.net','03230694126','2010-12-06 12:21:03','2017-07-14 18:24:50'),(5,'Simone','Carroll','alva92@example.com','+47(4)381157','2019-01-23 06:07:03','2020-04-01 12:41:39'),(6,'Keshawn','O\'Reilly','millie.rowe@example.net','(660)063-785','2011-04-23 15:28:30','2020-04-01 12:41:39'),(7,'Miguel','Harber','cremin.andreane@example.net','1-826-123-92','2010-03-29 12:00:47','2020-04-01 12:41:39'),(8,'Clementine','Bergstrom','buckridge.mohammad@example.com','668-969-6361','2019-04-20 17:31:42','2020-04-01 12:42:54'),(9,'Tyson','Zemlak','stamm.greg@example.com','05151769099','2015-11-04 12:52:44','2020-04-01 12:42:54'),(10,'Isaias','Pfeffer','blick.mabelle@example.net','196-100-1186','2010-12-10 01:38:13','2020-04-01 12:41:39'),(11,'Doris','Bosco','orland.ebert@example.org','301.182.3113','2015-08-12 02:27:26','2020-04-01 12:41:39'),(12,'Brenden','Konopelski','szulauf@example.org','002-689-4929','2017-04-06 04:11:37','2020-04-01 12:41:39'),(13,'Retha','Jast','destany.mohr@example.com','03988681040','2015-06-13 13:49:16','2020-04-01 12:42:54'),(14,'Marion','Nienow','karina98@example.com','09769754260','2020-02-13 23:54:45','2020-04-01 12:42:54'),(15,'Rubie','Moore','ymclaughlin@example.com','07192048570','2016-07-30 18:38:19','2020-04-01 12:42:54'),(16,'Melyna','Mueller','cjones@example.com','809-519-1639','2012-11-13 10:58:57','2020-04-01 12:41:39'),(17,'Virgie','Casper','cordia.larson@example.org','891.681.2465','2017-07-08 10:25:46','2020-04-01 12:41:39'),(18,'Graham','Lynch','lemuel63@example.net','622.390.5012','2020-03-04 11:53:40','2020-04-01 12:41:39'),(19,'Dawson','Reilly','stehr.monserrate@example.net','463.750.8055','2011-07-06 14:09:18','2020-04-01 12:41:39'),(20,'Pearlie','Shanahan','vbernier@example.net','1-119-449-70','2019-05-26 05:19:39','2020-04-01 12:41:39'),(21,'Delilah','Gaylord','bmayer@example.org','1-041-681-05','2013-09-09 04:54:15','2020-04-01 12:41:39'),(22,'Haylie','Leannon','heller.arno@example.net','1-835-127-53','2016-10-01 08:01:48','2020-04-01 12:41:39'),(23,'Mariano','Kirlin','terrence.borer@example.net','1-416-266-02','2018-01-07 13:25:46','2020-04-01 12:41:39'),(24,'Emma','Baumbach','boyer.milan@example.com','819-857-2115','2011-04-30 15:16:16','2020-04-01 12:41:39'),(25,'Audreanne','Graham','delfina55@example.com','1-749-336-49','2010-09-12 03:21:00','2020-04-01 12:41:39'),(26,'Rodolfo','Lynch','zita.gutkowski@example.net','159.918.7998','2013-07-07 12:40:22','2020-04-01 12:41:39'),(27,'Hassie','Haag','ggoyette@example.net','862-103-7224','2015-04-09 23:41:15','2020-04-01 12:42:54'),(28,'Zoie','Ratke','shanahan.shyann@example.com','966-703-2633','2014-11-24 13:19:55','2017-05-07 14:46:50'),(29,'Dominic','Schroeder','vonrueden.domenic@example.org','534.635.0155','2018-01-31 15:32:06','2020-04-01 12:42:54'),(30,'Felipa','Daugherty','trohan@example.com','(993)808-746','2012-02-22 11:43:29','2020-04-01 12:41:39'),(31,'Damon','Corwin','franecki.deshaun@example.com','+15(6)068457','2018-07-29 17:34:23','2020-04-01 12:41:39'),(32,'Gerson','Kreiger','queenie47@example.com','02032220697','2019-01-31 14:14:41','2020-03-14 13:32:48'),(33,'Adelle','Zemlak','fwalter@example.com','(363)095-644','2015-08-16 10:41:42','2020-04-01 12:41:39'),(34,'Esteban','Lockman','qjacobs@example.com','1-786-949-13','2018-06-27 19:16:01','2020-04-01 12:41:39'),(35,'Doug','Koepp','karli55@example.com','1-290-746-77','2014-12-03 06:13:39','2020-04-01 12:41:39'),(36,'Lorna','Green','zita.schiller@example.org','1-837-021-98','2012-04-27 23:45:45','2020-04-01 12:41:39'),(37,'Rosendo','Borer','thand@example.org','621-191-0871','2011-02-26 05:39:58','2020-04-01 12:41:39'),(38,'Kenyatta','Dooley','wiegand.dorothy@example.com','1-259-730-29','2017-03-15 17:14:19','2020-04-01 12:41:39'),(39,'Rosalee','Metz','pleffler@example.net','644.547.4182','2017-06-09 19:27:31','2020-04-01 12:41:39'),(40,'Junior','McLaughlin','kaya.larkin@example.net','(759)490-758','2014-09-27 05:37:32','2020-04-01 12:41:39'),(41,'Gayle','Dare','ydeckow@example.net','+39(8)857134','2011-04-05 11:52:40','2020-04-01 12:41:39'),(42,'Jaquelin','Langosh','wendy37@example.com','134.686.3895','2019-12-31 00:41:08','2020-04-01 12:41:39'),(43,'Golden','Koss','taurean.strosin@example.org','668-066-7485','2020-01-30 03:24:28','2020-04-01 12:41:39'),(44,'Walter','Towne','tvolkman@example.com','046.144.3258','2017-08-20 03:04:09','2020-04-01 12:41:39'),(45,'Judy','Schumm','vern01@example.net','06339151942','2013-08-08 03:32:07','2019-07-05 18:20:28'),(46,'Erica','Schultz','vgerlach@example.org','(895)298-590','2012-05-30 15:57:34','2020-04-01 12:41:39'),(47,'Luciano','Ortiz','ericka.zulauf@example.com','+32(0)457213','2016-04-25 18:37:07','2020-04-01 12:41:39'),(48,'Lester','Crist','ericka.kohler@example.com','07027782554','2012-02-04 01:06:10','2018-04-08 02:50:08'),(49,'Alanis','Hammes','ikerluke@example.net','085.053.8743','2015-04-06 18:12:02','2020-04-01 12:41:39'),(50,'Korbin','Hartmann','palma68@example.org','574-756-9717','2017-12-29 00:00:01','2020-04-01 12:42:54'),(51,'Anastasia','Bartell','rstark@example.com','1-562-035-61','2019-03-18 22:47:54','2020-04-01 12:41:39'),(52,'Maeve','Vandervort','jerome.orn@example.com','(892)558-786','2020-03-01 14:11:57','2020-04-01 12:41:39'),(53,'Eddie','Abernathy','rconsidine@example.org','1-659-006-00','2016-04-14 18:00:48','2020-04-01 12:41:39'),(54,'Albin','Rice','walter.roma@example.net','156-343-0171','2013-10-09 13:03:58','2019-04-02 15:06:28'),(55,'Willis','Moen','harmstrong@example.com','901.200.8286','2019-07-07 00:07:11','2019-09-07 18:55:28'),(56,'Linnea','Schroeder','hbeahan@example.org','031-307-3066','2019-10-08 02:07:24','2020-04-01 12:41:39'),(57,'Nathanael','Thompson','yanderson@example.org','(645)156-907','2017-05-28 10:13:44','2020-04-01 12:41:39'),(58,'Sage','Leffler','wolff.petra@example.com','305.950.9961','2015-05-25 18:26:20','2020-04-01 12:41:39'),(59,'Kyler','Abshire','nolan.lafayette@example.com','417.377.4523','2019-11-02 12:30:09','2020-04-01 12:41:39'),(60,'Ciara','Pfannerstill','kiley.kunde@example.org','+79(1)237365','2012-05-19 21:53:30','2020-04-01 12:41:39'),(61,'Orpha','Koelpin','zfarrell@example.com','529-021-6884','2015-02-19 12:37:50','2020-04-01 12:41:39'),(62,'Yessenia','Streich','murray.hane@example.net','914.100.1901','2015-09-04 06:11:37','2020-04-01 12:41:39'),(63,'Esteban','Blanda','mavis.lehner@example.net','630-982-7303','2019-03-12 05:48:36','2020-04-01 12:41:39'),(64,'Kiley','Herman','linda.blanda@example.com','+74(0)228180','2013-12-09 13:07:02','2020-04-01 12:41:39'),(65,'Lukas','Klein','millie.lowe@example.org','857-290-4500','2019-08-13 12:47:43','2020-04-01 12:41:39'),(66,'Tanya','Hermiston','shanahan.ines@example.com','644.557.7711','2013-12-09 02:44:04','2020-04-01 12:41:39'),(67,'Arvilla','Pacocha','rashad.morar@example.com','185.961.4618','2012-05-05 11:57:12','2018-06-21 06:22:13'),(68,'Brandi','Zieme','shaun.herzog@example.net','1-616-388-72','2012-11-16 00:42:21','2020-04-01 12:41:39'),(69,'Llewellyn','Cronin','maud88@example.net','+21(6)396390','2017-11-06 03:49:59','2020-04-01 12:41:39'),(70,'Mario','Volkman','madonna.schmitt@example.net','859-626-1113','2016-09-19 00:39:59','2020-04-01 12:42:54'),(71,'Myrna','Swaniawski','fay.katherine@example.net','(279)242-035','2011-09-12 06:33:32','2020-04-01 12:41:39'),(72,'Luz','Kerluke','xheidenreich@example.net','432.165.6594','2012-08-20 23:59:44','2020-04-01 12:41:39'),(73,'Corine','Buckridge','reichel.blaze@example.net','832-853-2258','2015-07-27 07:46:46','2020-04-01 12:41:39'),(74,'Ressie','Upton','bayer.baylee@example.net','+79(8)597563','2012-07-15 17:26:13','2020-04-01 12:41:39'),(75,'Sidney','Brakus','adelia66@example.net','(631)292-712','2010-10-01 07:41:07','2020-04-01 12:41:39'),(76,'Anna','Schulist','dhegmann@example.org','270.950.0388','2010-04-15 04:22:05','2013-10-17 15:16:45'),(77,'Eda','McKenzie','silas13@example.org','686.864.8723','2017-08-04 21:08:44','2020-04-01 12:42:54'),(78,'Jaime','Durgan','qauer@example.net','252.423.0652','2010-04-28 10:29:08','2018-11-01 12:31:14'),(79,'Fanny','Hammes','giovanna.larkin@example.com','1-488-043-96','2018-12-06 20:42:18','2020-04-01 12:41:39'),(80,'Ursula','Luettgen','howe.otha@example.org','401-781-8128','2020-02-01 23:35:34','2020-04-01 12:42:54'),(81,'Heber','Schaefer','medhurst.tommie@example.com','358-166-7143','2018-08-28 15:20:17','2020-04-01 12:41:39'),(82,'Amanda','Bogisich','hpouros@example.net','307-731-5936','2015-06-27 05:18:53','2020-04-01 12:42:54'),(83,'Rick','Gorczany','america.friesen@example.com','649.884.1945','2015-04-06 20:50:30','2020-04-01 12:41:39'),(84,'Meda','Glover','klarson@example.net','990-990-2666','2016-11-10 21:56:34','2019-10-09 07:55:07'),(85,'Eleanora','Bednar','crooks.emile@example.com','512.933.6379','2013-02-20 03:29:43','2019-06-15 20:31:01'),(86,'Eda','Bergnaum','swest@example.net','014.690.0481','2019-03-25 15:16:26','2020-04-01 12:41:39'),(87,'Berniece','Medhurst','jarrett73@example.com','280-937-3673','2010-07-12 04:07:40','2010-12-16 21:13:21'),(88,'Arvel','Mitchell','virginie95@example.org','274-822-1108','2014-08-19 15:02:10','2020-04-01 12:41:39'),(89,'Marie','Huels','pschmidt@example.net','06429202476','2014-11-13 23:21:46','2020-04-01 12:42:54'),(90,'Beatrice','Roberts','jarred.stiedemann@example.org','03539857717','2016-04-05 00:51:11','2018-10-19 06:22:08'),(91,'Edwardo','Homenick','murphy.lou@example.com','00332845286','2016-11-06 00:42:03','2020-04-01 12:42:54'),(92,'Sabina','Jakubowski','wcollins@example.com','1-567-540-08','2011-06-12 06:37:31','2020-04-01 12:41:39'),(93,'Providenci','Zulauf','lwelch@example.org','1-710-812-24','2017-10-16 06:47:30','2020-04-01 12:41:39'),(94,'Grayce','Kris','tromp.annabelle@example.net','963.705.6604','2012-04-02 14:07:27','2020-04-01 12:41:39'),(95,'Breana','Kertzmann','luz.schuppe@example.org','07698799433','2014-01-09 02:25:49','2020-04-01 12:42:54'),(96,'Toni','Little','christophe37@example.com','(370)641-608','2014-08-02 05:56:31','2020-04-01 12:41:39'),(97,'Jaquelin','Lockman','abdul00@example.net','(220)801-349','2010-08-18 03:20:14','2020-04-01 12:41:39'),(98,'Jacquelyn','Ratke','gbogan@example.net','371-663-9990','2017-02-25 11:28:07','2020-04-01 12:42:54'),(99,'Trevion','Goodwin','leone.boyle@example.org','+42(2)706394','2017-07-07 11:58:11','2020-04-01 12:41:39'),(100,'Zane','Kshlerin','millie.lindgren@example.com','472-270-5451','2016-05-27 06:15:51','2020-04-01 12:41:39');
/*!40000 ALTER TABLE `users` ENABLE KEYS */;
UNLOCK TABLES;
/*!40103 SET TIME_ZONE=@OLD_TIME_ZONE */;

/*!40101 SET SQL_MODE=@OLD_SQL_MODE */;
/*!40014 SET FOREIGN_KEY_CHECKS=@OLD_FOREIGN_KEY_CHECKS */;
/*!40014 SET UNIQUE_CHECKS=@OLD_UNIQUE_CHECKS */;
/*!40101 SET CHARACTER_SET_CLIENT=@OLD_CHARACTER_SET_CLIENT */;
/*!40101 SET CHARACTER_SET_RESULTS=@OLD_CHARACTER_SET_RESULTS */;
/*!40101 SET COLLATION_CONNECTION=@OLD_COLLATION_CONNECTION */;
/*!40111 SET SQL_NOTES=@OLD_SQL_NOTES */;

-- Dump completed on 2020-04-01 14:00:14
